"ID";"Fonte";"Posizione fonte";"Concetto";"Obiettivo matematico";"Obiettivo didattico";"C";"V";"I";"D";"Stato";"Evidenza programma";"Gap";"Priorita V4"
"L01";"Libro";"«Le carte prima della Psicostoria» pp.2-10; Prologo";"Storia del trucco a pile (Pacioli, Verini, Galasso, Gergonne, Gardner, Elmsley); 21 vs 27";"—";"contesto culturale";"n.a.";"n.a.";"n.a.";"n.a.";"NON APPLICABILE";"DOC: la Guida non contiene parte storica";"eventuale nota editoriale nella guida";"P3 (editoriale)"
"L02";"Libro";"pp.5-7";"Problema diretto vs problema inverso (Gergonne): prevedere vs prescrivere la destinazione";"T da una sequenza; sequenza da (carta, bersaglio)";"distinguere previsione e costruzione";"sì";"sì";"sì";"parz.";"PARZIALE";"CODICE: gioco_reale.T_da_tabellone, risolvi_trucco; UI: Anteprima/Tavola (diretto), Simulatore (inverso); DOC: guide.s19";"la distinzione non è nominata né collegata fra le viste";"V4-P2"
"L03";"Libro";"pp.7-8; A13; B4";"27 = 3³ come codifica della destinazione; ACAAN (qualunque carta a qualunque numero)";"ogni bersaglio 0..26 raggiungibile";"dal numero nominato alla posizione n−1";"sì";"sì";"sì";"parz.";"PARZIALE";"CODICE: risolvi_trucco (729/729); UI: Simulatore; TEST: test_gioco_reale";"n-esima carta = posizione n−1 non spiegata; taglio assente (L69)";"V4-P2"
"L04";"Libro";"§1.1-1.2";"Divisione con resto P = 3q + r: resto = mazzetto, quoziente = altezza interna; etichette dei mazzetti per ordine di generazione";"decomposizione di una posizione";"leggere il gesto della distribuzione come aritmetica";"sì";"parz.";"parz.";"no";"PARZIALE";"CODICE: gioco_reale.distribuisci; UI: Simulatore (7 fotografie)";"nessuna vista annota q e r sulle carte distribuite";"V4-P1"
"L05";"Libro";"§1.3, Prop.1.1, es. 19";"Indirizzo ternario unico n = 9n2 + 3n1 + n0";"biiezione {0..26} ↔ {0,1,2}³";"vedere le tre cifre di una posizione";"sì";"parz.";"no";"parz.";"PARZIALE";"CODICE: gioco_reale.digits3; UI: Anteprima (T in 3 blocchi da 9); PDF dettagliato (settore ternario); DOC: guide.s02";"nessun convertitore interattivo numero ↔ terna ↔ parola";"V4-P1"
"L06";"Libro";"§1.4, Fig.1.1";"Gerarchia 27 → 9 → 3 → 1 (blocco, terzina, posto); griglia 3×3×3";"struttura gerarchica delle posizioni";"localizzare per livelli";"sì";"parz.";"no";"parz.";"PARZIALE";"UI: linee di separazione ogni 3/9 nella matrice (Explorer, PDF); DOC: guide.s02";"nessuna vista gerarchica o cubica delle posizioni";"V4-P1"
"L07";"Libro";"§1.5.2, §1.8";"Codifica ω: posizione ↔ parola in {S,C,D}³ (19 = DSC); ordine lessicografico; «il nome è già la tabella»";"isomorfismo con parole";"usare le stesse lettere per indirizzi e gesti";"parz.";"parz.";"no";"no";"PARZIALE";"CODICE: detail.num_to_sector (solo PDF); UI: PDF dettagliato";"assente in GUI e in guida";"V4-P1"
"L08";"Libro";"§1.6";"«La macchina che dimentica»: P_{k+1} = ⌊P_k/3⌋ + 9·s_k; P3 = 9s2 + 3s1 + s0";"indipendenza del finale dalla posizione iniziale";"capire perché il trucco funziona";"sì";"parz.";"parz.";"parz.";"PARZIALE";"CODICE: gioco_reale.esegui_partita, risolvi_trucco; UI: Simulatore; DOC: simulator.instructions.placeholder (una frase)";"la ricorrenza non è mostrata passo per passo";"V4-P0"
"L09";"Libro";"§1.7";"Flusso delle cifre: (n2,n1,n0) → (s0,n2,n1) → (s1,s0,n2) → (s2,s1,s0)";"registro a scorrimento";"vedere uscire l'origine ed entrare la destinazione";"sì";"no";"no";"no";"ASSENTE";"CODICE: implicito in gioco_reale";"nessuna visualizzazione";"V4-P0"
"L10";"Libro";"§1.9, Prop.1.6";"Storia delle distribuzioni = rev ω(n), indipendente dalle raccolte; storia delle raccolte → indirizzo finale";"dualità tempo/spazio delle cifre";"leggere l'origine nel tempo e scrivere la destinazione";"sì";"parz.";"parz.";"no";"PARZIALE";"CODICE: risolvi_trucco()['colonne']; UI: istruzioni del Simulatore, Pratica (chiede la colonna)";"non è detto che le colonne osservate sono n0,n1,n2 dell'origine";"V4-P1"
"L11";"Libro";"§1.10, Prop.1.7-1.8";"Somme dei blocchi 36/117/198 come firma; elemento mancante";"invarianti additivi dei blocchi";"riconoscere famiglie senza ordine";"no";"no";"no";"no";"ASSENTE";"—";"firme dei blocchi e ricostruzione dell'elemento mancante assenti";"V4-P1"
"L12";"Libro";"§1.10.1";"Configurazione finale come archivio stratificato (blocchi ↔ ultimo passaggio …)";"lettura gerarchica del mazzo finale";"leggere la storia nel risultato";"parz.";"no";"no";"no";"ASSENTE";"CODICE: kronecker.try_kron_decompose legge i fattori dai blocchi (non esposto come lettura)";"nessuna lettura guidata del mazzo finale";"V4-P1"
"L13";"Libro";"§1.11, Prop.1.10-1.12";"Completezza dei blocchi; regola di completamento (due simboli determinano il terzo)";"struttura prodotto";"ridondanza come controllo";"parz.";"no";"no";"no";"ASSENTE";"CODICE: tabellone_da_assi verifica che ogni riga sia una permutazione";"regola non esposta";"V4-P2"
"L14";"Libro";"§2.1-2.2, Prop.2.14-2.15";"Carte vs posizioni vs trasformazioni; configurazione f: X→C; π(i)=j";"distinguere mazzo e mappa";"non confondere carta e posto";"sì";"parz.";"parz.";"parz.";"PARZIALE";"CODICE: convenzioni T/deck (TEST test_perm_matrix_convention); UI: Mescolamento (vettore mazzo e vettore T⁻¹); DOC: guide.s17-s18";"manca una vista che affianchi mazzo (posizione→carta) e T (carta→posizione)";"V4-P1"
"L15";"Libro";"§2.2.2; §7.1 «la fisica della distribuzione»";"Convenzioni fisiche: dorso in alto, posizione 0 in cima, distribuzione ciclica S,C,D, prime carte in basso nel mazzetto";"modello fisico univoco";"eseguire correttamente il gesto";"sì";"sì";"parz.";"parz.";"PARZIALE";"CODICE: gioco_reale (docstring del modello); UI: fotografie del Simulatore; DOC: guide.s01";"la griglia 9×3 del Mescolamento (indice c·9+r) usa una disposizione diversa dalla distribuzione fisica (colonna = p mod 3) senza dichiararlo; guide.s01 non fissa dorso/cima/ordine interno";"V4-P1"
"L16";"Libro";"§2.2.3, Oss.2.18-2.19";"Mazzo di riferimento A–K♠, A–K♣, A♥; Assi nelle posizioni diagonali 0, 13, 26";"carte guida sulla diagonale ternaria";"seguire tre testimoni";"sì";"sì";"sì";"sì";"COMPLETO";"CODICE: riga_tavola['assi']; UI: Tavola, PDF dettagliato (semi reali); DOC: guide.s11, s27; TEST: test_gioco_reale::test_ancore_libro";"—";"—"
"L17";"Libro";"§2.3, Oss.2.20-2.21";"S_n, n!; le sei raccolte come S3";"gruppo simmetrico locale";"sei scelte possibili";"sì";"sì";"sì";"sì";"COMPLETO";"CODICE: constants.PERM3; UI: legenda GEN3, tooltip; DOC: guide.s04, glossario";"—";"—"
"L18";"Libro";"§2.4.1-2.4.4, §2.4.7";"Tabellone generatore: righe = mescolamenti (ultimo in alto); lettura gerarchica → mazzo finale; colonne = destino degli Assi";"T come terna (B2,B1,B0)";"il tabellone come oggetto operativo";"sì";"parz.";"parz.";"parz.";"PARZIALE";"CODICE: gioco_reale.T_da_tabellone; UI: Tavola (sigle + Assi), griglia solo nel PDF dettagliato; DOC: guide.s11, s27";"nessuna vista 3×3 interattiva del tabellone (diretto/inverso) né lettura «contachilometri»";"V4-P0"
"L19";"Libro";"§2.4.5, Oss.2.23; nota 11 (righe 62/56)";"Prima crisi di Seldon: mescolamento vs impilamento, CDS↔DSC; tabellone diretto vs inverso";"inversione locale";"errore classico e sua correzione";"sì";"sì";"sì";"sì";"COMPLETO";"CODICE: IMPILAMENTO_DI; UI: istruzioni del Simulatore, Pratica (errore «Seldon»), Tavola; DOC: glossary.long.stacking, guide.s10; TEST: test_gioco_reale, test_tabellone_inverso; ESEC: righe 62 (4,24,11) e 56 (7,18,14)";"la lettura speculare delle colonne del tabellone inverso (quale carta arriva in 0,13,26) è solo nel PDF dettagliato";"V4-P2"
"L20";"Libro";"§2.4.6, §2.4.8 «ricetta per ordinamento delle somme»";"Ricostruzione dei mescolamenti dalle somme (blocchi → riga alta, terzine → riga media; il livello fine richiede l'ordine)";"invarianti di somma, limite strutturale";"leggere la storia senza seguire le carte";"no";"no";"no";"no";"ASSENTE";"—";"metodo assente";"V4-P1"
"L21";"Libro";"§2.4.7, Prop.2.28";"«Tre leggi delle posizioni»: T(n2,n1,n0) = (B2(n2),B1(n1),B0(n0))";"azione cifra per cifra";"leggere una destinazione riga per riga";"sì";"parz.";"parz.";"sì";"PARZIALE";"CODICE: T_da_tabellone; UI: fattori 3×3 sotto la matrice, forma canonica; DOC: guide.s02, s08";"nessuna lettura cifra-per-cifra di una posizione";"V4-P1"
"L22";"Libro";"§2.4.8";"Ricostruzione del tabellone dal vettore finale (scale 9 → 3 → 1) e orientazione";"decodifica gerarchica";"dal mazzo alla storia";"parz.";"parz.";"parz.";"no";"PARZIALE";"CODICE: try_kron_decompose, tabellone_da_assi; UI: Explorer (solo espressioni), Tavola (3 Assi)";"non si può inserire un mazzo finale e decodificarlo";"V4-P1"
"L23";"Libro";"§2.5";"Seconda crisi: il rovesciamento globale J è assorbito nel tabellone";"J non esce da G";"l'intruso rientra nei ranghi";"sì";"parz.";"parz.";"parz.";"PARZIALE";"CODICE: permutations.compute_T_full, selftest 1b (1 728); UI: Filtri/Anteprima ammettono J; PDF dettagliato (nota); DOC: guide.s27";"Simulatore e Tavola senza rovesciamenti; nessun confronto procedura con J ↔ tabellone equivalente";"V4-P1"
"L24";"Libro";"§3.1-3.2.1";"Combinazioni lineari, sistema lineare, matrice dei coefficienti, prodotto matrice–vettore; P_{i,j}=1 ⟺ π(j)=i";"linguaggio matriciale";"trattare il mazzo come stato";"sì";"sì";"parz.";"parz.";"PARZIALE";"UI: Explorer › Matrice (T, T⁻¹), PDF; DOC: guide.s17";"l'applicazione matrice–vettore al mazzo non è mostrata";"V4-P2"
"L25";"Libro";"§3.2.2, Prop.3.37-3.39";"Biiezione permutazioni ↔ matrici; P(π∘ρ) = P(π)·P(ρ)";"omomorfismo";"composizione = prodotto";"sì";"parz.";"parz.";"parz.";"PARZIALE";"TEST: test_baseline_matematica M4; UI: calcolatore di Cayley (senza matrici)";"nessuna verifica visiva del prodotto di matrici";"V4-P2"
"L26";"Libro";"§3.2.3, Oss.3.44";"Trasposta = inversa; simmetriche ↔ involuzioni; CDS^T = DSC spiega la Prima Crisi";"ortogonalità";"la crisi come teorema";"sì";"sì";"parz.";"parz.";"PARZIALE";"UI: T e T⁻¹ affiancate (Explorer), «Elenco matrici trasposte» (PDF); DOC: guide.s17";"il legame trasposizione ↔ Prima Crisi non è fatto";"V4-P1"
"L27";"Libro";"§3.2.4";"Simulazione concreta vs modello matriciale (concordanza)";"due livelli, stessa dinamica";"fiducia nel modello";"sì";"sì";"sì";"sì";"COMPLETO";"CODICE: gioco_reale.selftest; UI: pulsante Verifica; DOC: guide.s29; TEST: test_dominio_selftest, baseline M8";"—";"—"
"L28";"Libro";"§3.2.5, Prop.3.45-3.47";"Periodo = ordine = mcm delle lunghezze dei cicli";"dinamica iterata";"quando il mazzo torna";"sì";"sì";"sì";"sì";"COMPLETO";"CODICE: analysis.order_of; UI: Cicli; DOC: guide.s20, glossario; TEST: baseline M13";"—";"—"
"L29";"Libro";"§4.3, Fig.4.2-4.3";"Prodotto di Kronecker A⊗B, B⊗A⊗I3";"costruzione a blocchi";"la complessità è distribuita";"sì";"parz.";"parz.";"parz.";"PARZIALE";"UI: linee di blocco e fattori 3×3 (Explorer); DOC: glossario";"nessuna costruzione visiva di A⊗B";"V4-P2"
"L30";"Libro";"§4.4, Oss.4.49";"Le sei matrici 3×3 SCD_u … DCS_u; P e_i = e_π(i); CDS si realizza fisicamente con DSC";"operatori locali";"dalla sigla alla matrice";"sì";"sì";"sì";"sì";"COMPLETO";"UI: fattori 3×3 (Explorer, PDF); DOC: guide.s04; TEST: test_perm_matrix_convention";"—";"—"
"L31";"Libro";"§4.5";"Rigidità della distribuzione: P_{2,i} = P_u ⊗ I ⊗ I";"un solo fattore libero";"perché il gioco reale ha 6 scelte";"sì";"sì";"sì";"sì";"COMPLETO";"UI: preset Gioco Reale, Filtri; DOC: guide.s04, s10";"—";"—"
"L32";"Libro";"§4.6, Fig.4.4";"Le sei permutazioni globali come matrici a blocchi 9×9";"geometria dei blocchi";"vedere la raccolta come matrice";"sì";"parz.";"parz.";"no";"PARZIALE";"UI: ottenibili digitando l'espressione nell'Explorer";"nessun catalogo visivo delle sei matrici globali";"V4-P3"
"L33";"Libro";"§4.7";"Stadio T_i = P_{2,i} ∘ MSC (distribuzione ≠ raccolta)";"scomposizione dello stadio";"separare i due gesti";"sì";"sì";"sì";"sì";"COMPLETO";"UI: Anteprima (Stage simbolico), Mescolamento (MSC e Kron come passi distinti); DOC: guide.s06";"—";"—"
"L34";"Libro";"§4.8";"Identità di slittamento (S1),(S2); T = P_{u,2} ⊗ P_{u,1} ⊗ P_{u,0}";"tempo → struttura";"perché dopo tre stadi i fattori si separano";"sì";"sì";"sì";"sì";"COMPLETO";"CODICE: algebra._collect_msc_right, normalize_with_trace; UI: Explorer › Traccia riscrittura; DOC: guide.s07-s08; TEST: baseline M6, test_linguaggio_espressioni_e";"—";"—"
"L35";"Libro";"§4.9, esempio 4.9.1";"Dalla matrice agli indici: n → (n2,n1,n0) → Π(n) → n' (tabella di 27 righe)";"legge sugli indici";"calcolo a mano della destinazione";"sì";"parz.";"no";"parz.";"PARZIALE";"UI: Explorer › Numerico (solo la lista)";"nessuna tabella ternaria posizione per posizione";"V4-P1"
"L36";"Libro";"§4.10";"Tabellone inverso come cascata di inverse locali nello stesso ordine temporale; unicità dell'inverso";"inversione strutturale";"tornare indietro capendo perché";"sì";"sì";"sì";"parz.";"PARZIALE";"UI: Tavola (T⁻¹), Explorer (T⁻¹, Decomposizioni T⁻¹); DOC: guide.s17 (formula)";"la procedura di ritorno come tre raccolte (operazione R del cap.7) non è offerta né spiegata";"V4-P1"
"L37";"Libro";"§5.1.1-5.1.2";"Stadio generale (P2⊗P1⊗P0) ∘ MSC ∘ J^ε; formule B con indici incrociati; chiusura dopo tre stadi";"modello esteso";"perché gli indici si incrociano";"sì";"sì";"sì";"sì";"COMPLETO";"CODICE: compute_Ai_symbolic; UI: Anteprima (forma ridotta Aᵢ); DOC: guide.s08; TEST: test_core";"—";"—"
"L38";"Libro";"§5.1.3-5.1.4, §5.1.14";"Vincoli del gioco reale; formule M con R; destino asimmetrico dei rovesciamenti (parità in M2)";"effetto dei rovesciamenti per livello";"il Mulo sparisce dalla riga alta";"sì";"parz.";"parz.";"no";"PARZIALE";"CODICE: compute_T_full";"la regola di parità dei rovesciamenti non è esposta";"V4-P2"
"L39";"Libro";"§5.1.5";"Flusso dinamico delle coordinate nello stadio (R^ε, MSC, P)";"traiettorie dei fattori";"vedere il processo, non solo l'esito";"sì";"no";"no";"no";"ASSENTE";"CODICE: implicito";"diagramma di flusso assente";"V4-P1"
"L40";"Libro";"§5.1.7-5.1.8, §6.3.1";"Permutazioni locali vs dei posti; prodotto intrecciato S3≀S3 (1 296); G = sottogruppo base, nucleo di φ, indice 6";"perché G è un prodotto diretto";"due livelli intrecciati";"no";"no";"no";"no";"ASSENTE";"— (il programma realizza Γ = G⋊C3, non S3≀S3)";"assente";"V4-P2"
"L41";"Libro";"§5.1.9-5.1.11";"Costruzione e verifica del tabellone dalle tre carte di calibrazione; esempio della combinazione 82";"T da tre immagini";"ricostruire da pochi testimoni";"sì";"sì";"sì";"sì";"COMPLETO";"CODICE: tabellone_da_assi; UI: Tavola › ricostruzione; DOC: guide.s11; TEST: test_tabellone_inverso, selftest (216/216); ESEC: #82 → (10,8,21)";"la variante a due Assi è in L59";"—"
"L42";"Libro";"§5.1.12-5.1.13";"MSC numerica µ(n) = 9n0 + 3n2 + n1; operatori Π_π; forma locale-globale T_i = L_i ∘ MSC";"MSC come permutazione dei posti";"separare scelta e meccanismo fisso";"sì";"parz.";"parz.";"parz.";"PARZIALE";"CODICE: permutations.MSC; DOC: guide.s03";"la forma µ(n) e la scrittura L_i∘MSC non sono mostrate";"V4-P2"
"L43";"Libro";"§5.1.15, Prop.5.53";"T auto-inversa ⟺ ogni riga del tabellone ha ordine ≤ 2 (64 casi)";"criterio sul tabellone";"leggere l'involuzione a occhio";"sì";"sì";"sì";"no";"PARZIALE";"UI: Tavola (colonna auto-inversa, filtro); CODICE: statistiche_tavola (64)";"criterio non spiegato";"V4-P2"
"L44";"Libro";"§5.1.16-5.1.18";"Classe S3³ delle trasformazioni finali; ridondanza dinamica; assorbimento del Jester; 1 728 → 216 (8 a 1)";"molteplicità uniforme";"il Giullare moltiplica le vie, non le mete";"sì";"sì";"sì";"parz.";"PARZIALE";"UI: Analisi (Molt. = 8 sul preset Gioco Reale); DOC: guide.s09, s16; ESEC: 1 728 procedure → 216 T, fibre tutte di 8";"formule di assorbimento e composizione della fibra (2³ scelte di rovesciamento) non esposte";"V4-P1"
"L45";"Libro";"§5.2";"«I previsti imprevisti» (narrativa)";"—";"cornice narrativa";"n.a.";"n.a.";"n.a.";"n.a.";"NON APPLICABILE";"—";"—";"—"
"L46";"Libro";"cap.6 intro, §6.1; Notazioni pp.xi-xii";"Procedura (esecuzione fisica) vs Cronaca (trasformazione indotta); Gaia; Mondo-di-Mazzo";"relazione molti-a-uno procedura → T";"nominare ciò che coincide e ciò che differisce";"sì";"parz.";"parz.";"no";"PARZIALE";"UI: Analisi (sequenze vs T)";"termini assenti da guida e glossario";"V4-P1"
"L47";"Libro";"§6.2-6.3";"S3 come lessico; nascita di G (216) come biiezione terne ↔ G senza rovesciamenti; fedeltà in S27";"216 permutazioni distinte";"isola finita dentro 27!";"sì";"sì";"sì";"parz.";"COMPLETO";"CODICE: kronecker._build_kron_table; UI: Tavola; DOC: guide.s09; TEST: baseline M5";"il confronto 216 vs 27! ≈ 1,09·10²⁸ non compare";"V4-P3"
"L48";"Libro";"§6.4";"Convenzione di composizione A∘B = prima B";"ordine di lettura";"non commutatività";"sì";"sì";"sì";"sì";"COMPLETO";"DOC: guide.s06; UI: Cayley (A∘B e B∘A)";"—";"—"
"L49";"Libro";"§6.5, Fig.6.7";"Tavola di Cayley 216×216; chiusura";"memoria delle composizioni";"tutte le composizioni restano in G";"sì";"sì";"sì";"parz.";"COMPLETO";"CODICE: GroupData.cayley; UI: dialogo Cayley, heatmap SVG/TikZ; DOC: guide.s23, s32; TEST: baseline M5 (46 656 coppie)";"—";"—"
"L50";"Libro";"§6.6-6.7, Fig.6.8-6.9";"Coniugio; 27 classi con tipo per fattore (I,T,C); cardinalità e ordini; equazione delle classi";"classificazione";"dagli individui alle famiglie";"sì";"sì";"parz.";"parz.";"COMPLETO";"CODICE: GroupData.classes, conjugacy_dialog._class_type; UI: dialogo Coniugio, griglia e istogramma SVG; DOC: guide.s22";"regola «cardinalità = prodotto delle locali» non spiegata";"V4-P3"
"L51";"Libro";"§6.8";"Punti fissi = prodotto dei locali; distribuzione 27/9/3/1/0 = 1/9/27/27/152; media 1; Burnside; transitività";"conteggi strutturali";"perché mai 2 o 25 carte ferme";"sì";"parz.";"parz.";"no";"PARZIALE";"CODICE: statistiche_tavola; UI: Tavola (colonna), Cicli; DOC: guide.s09 («azione transitiva», senza spiegazione)";"regola del prodotto, media e Burnside assenti";"V4-P2"
"L52";"Libro";"§6.9";"Centro banale Z(G) = {e}";"struttura";"nessun comando nascosto";"sì";"sì";"n.a.";"sì";"COMPLETO";"CODICE: GroupData.center; UI: Coniugio; DOC: glossario";"—";"—"
"L53";"Libro";"§6.10, Fig.6.11";"Il Giullare J = DCS_u ⊗ DCS_u ⊗ DCS_u ∈ G, classe (T,T,T), un solo punto fisso (13)";"J come elemento di G";"l'imprevisto è una forma";"sì";"parz.";"parz.";"parz.";"PARZIALE";"UI: calcolabile nell'Explorer; DOC: guide.s05 («nomi doppi R_U / DCS_U»)";"J non è presentato come elemento di G";"V4-P2"
"L54";"Libro";"§6.10";"Otto cammini per Cronaca (2³ scelte di rovesciamento); un rovesciamento accidentale non è autocorretto";"fibra dell'otto-a-uno";"errore vs realizzazione equivalente";"sì";"parz.";"parz.";"no";"PARZIALE";"UI: pannello sequenze dell'Analisi; ESEC: ogni classe ha profilo di rovesciamenti (0,1,1,1,2,2,2,3)";"nessuna vista della fibra né delle conseguenze di un rovesciamento accidentale";"V4-P1"
"L55";"Libro";"Introduzione; §6.11";"Progressione gesto → procedura → trasformazione → struttura";"—";"percorso didattico a livelli";"n.a.";"parz.";"parz.";"parz.";"PARZIALE";"UI: Inizia qui (3 passi), modalità principiante; DOC: guide.s25, s31";"la progressione del libro non guida la distribuzione degli strumenti (§ 28)";"V4-P1"
"L56";"Libro";"cap.7 intro";"Effetto / metodo / presentazione";"—";"grammatica del prestigiatore";"n.a.";"n.a.";"n.a.";"n.a.";"NON APPLICABILE";"UI: la Presentazione copre il lato esecutivo";"eventuale testo in guida";"V4-P3"
"L57";"Libro";"§7.1.1 (A1)";"Equazione della conoscenza: finale = P · iniziale; note due, si calcola la terza";"inversione di una relazione";"scegliere cosa l'esecutore conosce";"sì";"parz.";"parz.";"no";"PARZIALE";"UI: Explorer (da espressione), Tavola";"nessuno strumento con mazzi reali (iniziale, finale) → P";"V4-P1"
"L58";"Libro";"§7.1.2 (A2)";"Leggere e invertire; lettura «contachilometri»; operazioni (E) eseguire, (R) realizzare un tabellone, (I) invertire";"uso operativo del tabellone";"dal tabellone al gesto";"sì";"parz.";"parz.";"parz.";"PARZIALE";"UI: Tavola (T, T⁻¹), Presentazione = (E); DOC: guide.s10 (regola CDS↔DSC)";"(R) «realizza questo tabellone / torna indietro» assente";"V4-P1"
"L59";"Libro";"§7.1.3 (A3); B10";"Ricostruire il tabellone con due Assi estremi (0, 26) e controllo a_i ≠ b_i; oppure per somme B2(a) = (S_a−36)/81 …";"ricostruzione minima";"bastano due testimoni";"parz.";"sì";"sì";"parz.";"PARZIALE";"CODICE: tabellone_da_assi (tre posizioni); UI: Tavola";"versione a due Assi e metodo per somme assenti";"V4-P1"
"L60";"Libro";"§7.1.4 (A4); B14";"Forzare: qualunque posizione (cifre rovesciate); limite di Kronecker per più carte";"vincoli di forzatura multipla";"libertà e suoi limiti";"parz.";"sì";"sì";"parz.";"PARZIALE";"CODICE: risolvi_trucco (una carta); UI: Simulatore";"compatibilità di più forzature simultanee assente";"V4-P2"
"L61";"Libro";"§7.1.5 (A5); B3";"Carte ferme: solo 0,1,3,9,27 con frequenze 152/27/27/9/1";"vincolo strutturale";"predizione dei punti fissi";"sì";"sì";"sì";"no";"PARZIALE";"UI: Tavola (colonna e filtro); ESEC: statistiche_tavola";"il perché del vincolo non è spiegato (vedi L51)";"V4-P2"
"L62";"Libro";"§7.1.6 (A6); B11";"Periodi 1/2/3/6 (1/63/26/126); 64 auto-inverse; 7 firme cicliche (#100 condivisa da 72 disposizioni)";"ordine e forma ciclica";"il mazzo come orologio";"sì";"sì";"sì";"sì";"COMPLETO";"CODICE: statistiche_tavola; UI: Cicli, Tavola; TEST: test_gioco_reale::test_statistiche_capitolo_100; ESEC: 7 tipi, 72";"—";"—"
"L63";"Libro";"§7.1.7 (A7)";"Mascheramento: 1 728 procedure → 216 Cronache (8 : 1)";"ridondanza";"lo stesso trucco con mani diverse";"sì";"sì";"sì";"parz.";"PARZIALE";"vedi L44";"vedi L44";"V4-P1"
"L64";"Libro";"§7.1.8 (A8); B8, B9";"Due mazzi gemelli: T_B ∘ T_A⁻¹";"traduzione fra mazzi";"coincidenze";"parz.";"no";"no";"no";"ASSENTE";"UI: componibile nel calcolatore di Cayley come A∘B⁻¹ (non come mazzi)";"non modellato";"V4-P3"
"L65";"Libro";"§7.1.9 (A9); B6";"Invariante a blocchi: i nonetti restano compatti";"conservazione strutturale";"«acqua e olio»";"sì";"parz.";"no";"no";"ASSENTE";"UI: struttura a blocchi della matrice";"nessuna visualizzazione dei nonetti";"V4-P2"
"L66";"Libro";"§7.1.10 (A10); B13";"Parità: segno = prodotto dei segni delle righe; 108/108";"segno di una permutazione";"rete di sicurezza";"sì";"sì";"sì";"no";"PARZIALE";"UI: Tavola (parità), Explorer (firma); CODICE: parita";"regola non spiegata";"V4-P2"
"L67";"Libro";"§7.1.11 (A11); B1";"Localizzazione per cifre: le tre risposte di pila danno n = a1 + 3a2 + 9a3";"informazione ternaria delle risposte";"lo spettatore «detta» le cifre";"no";"no";"no";"no";"ASSENTE";"—";"assente (vedi § 14 e § 18, spettatore senza carta nota)";"V4-P0"
"L68";"Libro";"§7.1.12 (A12)";"Equivoque";"—";"tecnica scenica";"n.a.";"n.a.";"n.a.";"n.a.";"NON APPLICABILE";"—";"—";"—"
"L69";"Libro";"§7.1.13 (A13)";"Taglio: traslazione mod 27, fuori da G";"mossa non appartenente al gruppo";"dalla posizione al numero contato";"no";"no";"no";"no";"ASSENTE";"— (il linguaggio non ha un atomo di taglio)";"assente";"V4-P2"
"L70";"Libro";"§7.2 B1";"B1 Localizzazione (tre risposte → carta)";"applicazione di uno strumento A";"effetto scenico dal metodo";"no";"no";"no";"no";"ASSENTE";"—";"dipende da L67";"V4-P0"
"L71";"Libro";"§7.2 B2";"B2 Mazzo memorizzato (posizione ↔ carta con T, T⁻¹)";"applicazione di uno strumento A";"effetto scenico dal metodo";"sì";"parz.";"parz.";"no";"PARZIALE";"UI: Tavola (dettaglio T/T⁻¹); ESEC: #100 posizione 20 ← carta 25, carta 2 → 12";"nessuna domanda «carta ↔ posizione» interattiva";"V4-P2"
"L72";"Libro";"§7.2 B3";"B3 Predizione dei punti fissi";"applicazione di uno strumento A";"effetto scenico dal metodo";"sì";"parz.";"parz.";"no";"PARZIALE";"UI: Tavola filtrabile; ESEC: #7 → 0, 9, 18";"—";"V4-P2"
"L73";"Libro";"§7.2 B4";"B4 Forzatura / ACAAN";"applicazione di uno strumento A";"effetto scenico dal metodo";"sì";"parz.";"parz.";"no";"PARZIALE";"UI: Simulatore";"n-esima carta e taglio assenti";"V4-P2"
"L74";"Libro";"§7.2 B5";"B5 Trasposizione a blocchi (#72)";"applicazione di uno strumento A";"effetto scenico dal metodo";"sì";"parz.";"parz.";"no";"PARZIALE";"UI: Tavola; ESEC: #72 = (CSD,SCD,SCD), 9 punti fissi";"nessuna vista per blocchi";"V4-P3"
"L75";"Libro";"§7.2 B6";"B6 Acqua e olio (invariante a blocchi)";"applicazione di uno strumento A";"effetto scenico dal metodo";"parz.";"no";"no";"no";"ASSENTE";"—";"vedi L65";"V4-P3"
"L76";"Libro";"§7.2 B7";"B7 Il mazzo che si riavvolge (periodo o inverso)";"applicazione di uno strumento A";"effetto scenico dal metodo";"sì";"parz.";"parz.";"no";"PARZIALE";"UI: Cicli (ordine), Tavola (T⁻¹)";"procedura di ritorno assente";"V4-P2"
"L77";"Libro";"§7.2 B8";"B8 Do-as-I-do";"applicazione di uno strumento A";"effetto scenico dal metodo";"parz.";"no";"no";"no";"ASSENTE";"—";"vedi L64";"V4-P3"
"L78";"Libro";"§7.2 B9";"B9 Localizzazione incrociata";"applicazione di uno strumento A";"effetto scenico dal metodo";"parz.";"no";"no";"no";"ASSENTE";"ESEC: #100/#7, posizione 4 → 9";"vedi L64";"V4-P3"
"L79";"Libro";"§7.2 B10";"B10 Onniscienza (due Assi → tabellone)";"applicazione di uno strumento A";"effetto scenico dal metodo";"sì";"parz.";"parz.";"no";"PARZIALE";"UI: Tavola (tre Assi)";"vedi L59";"V4-P2"
"L80";"Libro";"§7.2 B11";"B11 La forma del rimescolamento";"applicazione di uno strumento A";"effetto scenico dal metodo";"sì";"sì";"sì";"sì";"COMPLETO";"UI: Cicli, Tavola (tipo ciclico)";"—";"—"
"L81";"Libro";"§7.2 B12";"B12 Interrogo il mazzo (protocollo adattivo del centro)";"applicazione di uno strumento A";"effetto scenico dal metodo";"parz.";"no";"no";"no";"ASSENTE";"—";"protocollo adattivo assente";"V4-P1"
"L82";"Libro";"§7.2 B13";"B13 Pari o dispari";"applicazione di uno strumento A";"effetto scenico dal metodo";"sì";"parz.";"parz.";"no";"PARZIALE";"UI: Tavola, Explorer";"regola non spiegata";"V4-P3"
"L83";"Libro";"§7.2 B14";"B14 Dimostrazione d'azzardo (forzature multiple)";"applicazione di uno strumento A";"effetto scenico dal metodo";"parz.";"no";"no";"no";"ASSENTE";"—";"vedi L60";"V4-P3"
"L84";"Libro";"§7.2 B15";"B15 Gran finale (due testimoni su mazzo d'ordine ignoto)";"applicazione di uno strumento A";"effetto scenico dal metodo";"sì";"parz.";"parz.";"no";"PARZIALE";"UI: Tavola (tre Assi, mazzo ordinato)";"ricostruzione da testimoni su mazzo qualsiasi assente";"V4-P2"
"L85";"Libro";"§7.3 (Parte C)";"Manipolazioni: glimpse, break/crimp, falso taglio, falso mescolamento, controlli, forzature cartomagiche";"—";"la mano come interfaccia";"n.a.";"n.a.";"n.a.";"n.a.";"NON APPLICABILE";"—";"la matematica del taglio è in L69";"—"
"L86";"Libro";"cap.8 §8.1-8.4";"Composizione oltre il terzo mescolamento: tavola locale 6×6 di S3; cumulativo; successioni senza ripetizione (prodotto dei sei = trasposizione per parità)";"chiusura sotto composizione";"navigare fra tabelloni";"sì";"parz.";"parz.";"no";"PARZIALE";"UI: Explorer (espressioni di qualunque lunghezza), Cayley";"tavola 6×6 e regola di non-ripetizione assenti";"V4-P2"
"L87";"Libro";"§8.5";"Tavola delle decomposizioni locali; passaggio da Y a X";"ogni elemento ha 6 fattorizzazioni";"nessuna memoria univoca del percorso";"sì";"no";"no";"no";"ASSENTE";"—";"assente";"V4-P3"
"L88";"Libro";"cap.9 §9.1-9.3, §9.5";"Famiglia estesa (1 728 configurazioni per stadio); blocco effettivo (8 rappresentazioni); saturazione; uniformità 46 656; 23 887 872; #132";"saturazione e uniformità";"nessuna 217ª trasformazione";"sì";"sì";"sì";"sì";"COMPLETO";"UI: Distribuzione, Decomposizioni, Filtri; DOC: guide.s16, s21; TEST: baseline M11; ESEC: #132 = (SCD,CDS,DSC)";"—";"—"
"L89";"Libro";"§9.4";"Il gioco ordinario come famiglia vincolata: 12 blocchi per stadio, l'8 compare solo sul ciclo completo";"due meccanismi dello stesso numero";"non confondere coincidenze numeriche";"sì";"parz.";"parz.";"no";"PARZIALE";"UI: Analisi, Distribuzione";"il confronto dei due meccanismi non è spiegato";"V4-P2"
"L90";"Libro";"cap.10 §10.1-10.2";"Tabellone cumulativo C_N; ritorno in 3 stadi (3N → 3); ricostruzione del cammino con gli inversi in ordine inverso";"origine vs cammino";"tornare all'origine o rivedere le tappe";"sì";"parz.";"parz.";"no";"PARZIALE";"UI: Explorer (composizione)";"nessuno strumento di successione di procedure e ritorno";"V4-P1"
"L91";"Libro";"§10.2.1";"Ritorno mediante due carte guida da una disposizione arbitraria A";"R = C_N⁻¹ da quattro dati";"tornare senza registrare la storia";"parz.";"parz.";"parz.";"no";"PARZIALE";"CODICE: tabellone_da_assi (tre Assi, mazzo iniziale ordinato)";"disposizione iniziale arbitraria e due guide non supportate";"V4-P1"
"L92";"Libro";"§10.2.1 «Una curiosità decimale»";"Somma delle posizioni delle tre guide = 39";"invariante";"scorciatoia di controllo";"no";"no";"no";"no";"ASSENTE";"ESEC: vale su tutte le 216 righe";"assente";"V4-P3"
"L93";"Libro";"§10.2.2";"Raggiungere una sequenza assegnata w da v: candidato dalle due guide, verifica sulle altre 25 carte; altrimenti irraggiungibile";"appartenenza a Gaia";"riconoscere l'impossibile";"parz.";"no";"no";"no";"ASSENTE";"CODICE: kronecker.appartiene_a_G (non esposto)";"assente in UI";"V4-P1"
"L94";"Libro";"cap.11 (11.1-11.6, 11.10-11.11)";"Caso generale b^m: tabellone in S_b^m, immersione, invarianti generali";"generalizzazione";"ciò che non dipende dal 27";"n.a.";"n.a.";"n.a.";"n.a.";"ASSENTE";"—";"escluso dal perimetro";"OLTRE 4.0"
"L95";"Libro";"§11.7 (caso b=m=3); App.A §A.1.8";"Gruppo delle trasformazioni intermedie Γ ≅ S3³ ⋊ C3 (648); forma normale h ∘ R^r; classi laterali H → HR → HR² → H";"trasformazioni parziali";"dove sta la trasformazione a metà procedura";"sì";"parz.";"sì";"parz.";"PARZIALE";"CODICE: algebra.CanonicalForm, kronecker.appartiene_a_H; UI: Explorer (esponente MSC); DOC: guide.s09 («G_ext»); TEST: baseline M7, M12";"nome diverso dal libro (Γ); il percorso delle classi laterali non è mostrato";"V4-P1"
"L96";"Libro";"§11.8";"Reversibilità (sempre) vs chiusura (dopo 3 stadi); inversa in forma normale";"due proprietà distinte";"non confonderle";"sì";"parz.";"sì";"parz.";"PARZIALE";"UI: Explorer (T⁻¹); DOC: guide.s17";"distinzione non spiegata";"V4-P2"
"L97";"Libro";"§11.9 (caso ternario 11.9.7)";"Fibre digitali, trasporto delle fibre, somme Σ, ricostruzione; «che cosa è realmente invariante»";"ricostruzione da dati aggregati";"informazione nelle somme";"no";"no";"no";"no";"ASSENTE";"—";"assente (vedi A06)";"V4-P0"
"L98";"Libro";"§11.10";"Invarianti generali: ordine = mcm, punti fissi = prodotto, coniugio per componenti, p(b)^m classi";"invarianti";"— (caso 27 in L28, L50, L51)";"sì";"sì";"parz.";"no";"PARZIALE";"UI: Cicli, Tavola, Coniugio";"regole non spiegate per il 27; caso generale oltre 4.0";"V4-P2"
"L99";"Libro";"§11.11";"Disposizione rettangolare N = ij; gioco delle 21 carte; dinamica informativa";"caso rettangolare";"fisico vs informativo";"no";"no";"no";"no";"ASSENTE";"—";"21 carte e N = ij oltre il perimetro; la distinzione fisico/informativo per il 27 è in L67 e A12";"OLTRE 4.0"
"L100";"Libro";"cap.12 §12.1-12.10";"Realizzazione tensoriale V27 ≅ E3^{⊗3}, rappresentazione fedele, ortogonalità";"seconda rappresentazione";"linguaggio tensoriale";"sì";"parz.";"parz.";"parz.";"PARZIALE";"CODICE: numpy.kron in kronecker/permutations; DOC: guide.s02 («struttura tensoriale»)";"nessuna vista della base tensoriale";"V4-P3"
"L101";"Libro";"§12.11";"Confronto con i sistemi quantistici composti";"—";"analogia (dichiarata senza entanglement)";"n.a.";"n.a.";"n.a.";"n.a.";"NON APPLICABILE";"—";"contenuto editoriale";"—"
"L102";"Libro";"App. A";"Note di calcolo: codifica, MSC, J = R⊗R⊗R, ϑ, T = A2∘ϑ(A1)∘ϑ²(A0), Γ = H ⋊ C3";"formulario";"riferimento unico";"sì";"sì";"sì";"sì";"COMPLETO";"CODICE: rotate_kron_factors, compute_Ai_symbolic; DOC: guide.s03-s08; TEST: baseline M6, M12c";"—";"—"
"L103";"Libro";"App. B";"Base matematica del programma (v3.0.3): oggetti, trasporto, forma normale, motore simbolico, gruppo, decomposizioni";"tracciabilità libro ↔ codice";"il programma come laboratorio";"sì";"sì";"sì";"sì";"COMPLETO";"CODICE: tutti i nomi citati esistono in 3.1.3 (normalize_with_trace, CanonicalForm, rotate_kron_factors, _collect_msc_right, find_all_kron_decompositions[_parallel], try_kron_decompose, compute_distribution_parallel)";"l'appendice è riferita a v3.0.3";"—"
"L104";"Libro";"App. C";"Tavola delle 216 disposizioni semplici: # = k1 + 6k2 + 36k3, indici P[k] e R[k], mazzo finale, cifre degli Assi, riga di T e impilamento";"catalogo completo";"consultare le 216 Cronache";"sì";"sì";"sì";"sì";"COMPLETO";"CODICE: numero_tavola, riga_tavola; UI: Tavola 216, PDF dettagliato; DOC: guide.s11; TEST: test_gioco_reale, test_tabellone_inverso; ESEC: #7, #56, #62, #72, #82, #91, #100, #132 coincidono con il testo";"la Tavola non mostra il mazzo finale né le sottorighe per cifre degli Assi";"V4-P2"
"L106";"Libro";"Notazioni e convenzioni pp.vii-xv";"Convenzioni e nomi: carta ≠ posizione, T tabellone/operatore, H = ρ(S3³) (216), Γ (648), Cronaca/Procedura/Gaia/Giullare";"lessico condiviso";"coerenza terminologica";"sì";"n.a.";"n.a.";"parz.";"PARZIALE";"CODICE: convenzioni coincidenti (§ 1.3); DOC: guide.s09 usa G, G_ext; codice usa H per 648";"conflitto di nomi H/Γ/G_ext; termini narrativi assenti";"V4-P1"
"L107";"Libro";"Prefazione pp.xvi-xxii";"Cornice asimoviana (Seldon, Gaia, Mulo)";"—";"motivazione narrativa";"n.a.";"n.a.";"n.a.";"n.a.";"NON APPLICABILE";"—";"—";"—"
"L108";"Libro";"Prologo pp.xxiii-xxv";"Il trucco delle 21 carte e la riga centrale; «il valore complessivo delle colonne rimaneva costante»";"—";"origine della domanda";"n.a.";"n.a.";"n.a.";"n.a.";"NON APPLICABILE";"—";"21 carte oltre 4.0";"—"
"A01";"Articolo";"§1";"Contesto (Gergonne, radix sort, perfect shuffles)";"—";"collocazione";"n.a.";"n.a.";"n.a.";"n.a.";"NON APPLICABILE";"—";"—";"—"
"A02";"Articolo";"§2, Prop.2.1";"Modello posizionale; regola dello stadio x' = ρ(r)·b^{m−1} + ⌊x/b⌋; ricorrenza (caso 27)";"estrazione e reinserimento della cifra";"perché le cifre ruotano";"sì";"parz.";"parz.";"parz.";"PARZIALE";"CODICE: permutations.MSC, gioco_reale.raccogli; DOC: guide.s03";"la formula del singolo stadio non è mostrata";"V4-P1"
"A03";"Articolo";"§3, Teor.3.1";"Rotazione M_m, T_h = (P_h ⊗ I) ∘ M_m, chiusura tensoriale; M^m = I non autorizza cancellazioni formali";"chiusura del ciclo";"trasporto dei fattori";"sì";"sì";"sì";"parz.";"COMPLETO";"UI: Explorer › Traccia riscrittura; DOC: guide.s07";"l'avvertenza sulla cancellazione formale manca";"V4-P3"
"A04";"Articolo";"§4, Def.4.1, Teor.4.2";"Permutazioni digitalmente separabili: fibre F_{i,t}; quattro caratterizzazioni equivalenti; unicità dei fattori";"riconoscimento intrinseco della classe";"riconoscere G senza conoscere il gesto";"parz.";"parz.";"parz.";"no";"PARZIALE";"CODICE: try_kron_decompose, appartiene_a_G; UI: Explorer (solo espressioni)";"termine, fibre e caratterizzazioni assenti; nessun input di permutazione arbitraria";"V4-P0"
"A05";"Articolo";"§4, Cor.4.3";"Immersione S_b^m ↪ S_{b^m}; 216 su 27!";"omomorfismo iniettivo";"piccolezza della classe";"sì";"parz.";"n.a.";"parz.";"PARZIALE";"TEST: baseline M5, M12a; DOC: guide.s09";"confronto con 27! assente";"V4-P2"
"A06";"Articolo";"§5 [App.D §6]";"Formula Σ_{i,t} = C_i + b^{m−1+i}·ρ_i(t); sufficienza; Oss.5.3 non-criterio [App.D Teor.6.4 criterio]";"ricostruzione da statistiche aggregate";"l'informazione sopravvive nelle somme";"no";"no";"no";"no";"ASSENTE";"—";"assente; la versione del criterio richiede decisione (§ 21)";"V4-P0"
"A07a";"Articolo";"§6 [App.D §7], Es.6.1";"Caso 27: C0=108, C1=90, C2=36; tabella 108/117/126 …; ricostruzione di un codice";"esempio completo";"calcolo a mano";"no";"no";"no";"no";"ASSENTE";"ESEC: il core riproduce esattamente la tabella di Es.6.1";"assente";"V4-P1"
"A07b";"Articolo";"§6 (ultimo capoverso)";"Codice di raccolta vs tabellone: esecuzione fisica ≠ permutazione finale";"due livelli";"non identificare gesto e T";"sì";"sì";"sì";"parz.";"PARZIALE";"UI: Tavola (mescolamenti, impilamenti, T); DOC: glossario";"—";"V4-P2"
"A08";"Articolo";"§7 [App.D §8], Prop.7.1";"ord = mcm degli ordini locali; fix = prodotto dei fix locali";"invarianti leggibili";"dal tabellone agli invarianti";"sì";"sì";"parz.";"no";"PARZIALE";"UI: Tavola, Cicli";"regole non spiegate";"V4-P2"
"A09";"Articolo";"§7, Oss.7.2";"27 classi nel gruppo interno; nel gruppo ambiente S27 classi distinte si fondono";"gruppo di riferimento";"non estendere proprietà da G a S27";"parz.";"sì";"parz.";"no";"PARZIALE";"CODICE: GroupData.classes (27), statistiche_tavola (7 tipi di ciclo = classi di S27 che intersecano G)";"la fusione 27 → 7 non è mostrata";"V4-P1"
"A10";"Articolo";"§8 [App.D §9]";"Catena procedura → codice → separabile → fattorizzazione; ipotesi del modello";"sintesi";"dove finisce il risultato";"n.a.";"n.a.";"n.a.";"parz.";"PARZIALE";"DOC: guide.s09-s10 (parziale)";"ipotesi (non adattività; rovesciamenti secondo la versione) non dichiarate";"V4-P2"
"A11";"Articolo";"App.A";"Caso rettangolare N = ij; matrice di commutazione K_{j,i}";"—";"—";"n.a.";"n.a.";"n.a.";"n.a.";"ASSENTE";"—";"escluso dal perimetro";"OLTRE 4.0"
"A12";"Articolo";"App.A";"Gioco delle 21 carte: F_c molti-a-uno, X_k (21 → 7 → 3 → 1); dinamica fisica vs dinamica informativa; insiemi condizionati alle risposte";"contrazione dell'incertezza";"distinguere mazzo e conoscenza";"no";"no";"no";"no";"ASSENTE";"—";"ramo 27 (27 → 9 → 3 → 1) essenziale per la 4.0; ramo 21 oltre il perimetro";"V4-P0 (ramo 27)"
"A13";"Articolo";"App.D §5, Es.7.2";"Rovesciamento prima della distribuzione; molteplicità 2^m; Cor.5.2 inversione delle raccolte per storia ε nota; famiglia estesa";"effetto dei rovesciamenti";"ricostruire le raccolte se la storia è nota";"sì";"parz.";"parz.";"parz.";"PARZIALE";"CODICE: compute_T_full, selftest 1b; UI: Filtri/Anteprima, Distribuzione";"formula di inversione non esposta; fonte ambigua (§ 2.2)";"V4-P1"
"A14";"Articolo";"Riferimenti";"Bibliografia";"—";"—";"n.a.";"n.a.";"n.a.";"n.a.";"NON APPLICABILE";"—";"—";"—"
