"id","area","surface","file_or_key","statement","source","convention","verification","status","severity","issue_id","notes"
"A1-001","base 3","Guida IT/EN","gioco27/i18n.py:guide.s02.formula","Ogni posizione è n=9i₂+3i₁+i₀ con cifre in {0,1,2}.","Articolo §2; Libro §1.3","posizioni 0..26; ordine (i₂,i₁,i₀)","Derivazione per divisioni successive e enumerazione indipendente delle 27 terne.","CORRETTA","","","Bijezione completa tra {0,1,2}³ e 0..26."
"A1-002","base 3","Guida/help","guide.s02.digits; help.tab.stadio.long","I pesi dei livelli 0,1,2 sono rispettivamente 1,3,9.","Articolo §2; Libro §1.3","digit_index crescente 0,1,2","Confronto fonte e calcolo diretto su tutte le posizioni.","CORRETTA","","",""
"A1-003","base 3","Tavola ternaria","guide.i2m.register","La terna ternaria è sempre un indirizzo di posizione, non l'identità della carta.","Libro §1.3 e §2.4","carta/indice iniziale distinto da posizione","Confronto con T[carta]=destinazione e deck[posizione]=carta.","CORRETTA","","",""
"A1-004","base 3","Guida Tavola","guide.i2m.register","Dopo la distribuzione P=3·altezza+colonna; colonna=P mod 3 e altezza=floor(P/3).","Libro §2.2 e §2.4","colonne S,C,D codificate 0,1,2","Verifica diretta per P=0..26.","CORRETTA","","",""
"A1-005","base 3","Guida Tavola","gioco27/gui/guide.py:_i2m","L'aggiornamento di una carta è P'=floor(P/3)+9s.","Libro §2.4, formula della macchina","s è il blocco scelto dalla raccolta","Derivazione quoziente/resto e confronto con simulazione su 27×3 ingressi.","CORRETTA","","",""
"A1-006","base 3","Guida/Tavola","guide.i2m.intro; guide.i2m.example","Dopo tre stadi P₃=9s₂+3s₁+s₀ e l'indirizzo iniziale è dimenticato.","Libro §2.4","stadi cronologici 0,1,2","Iterazione simbolica della ricorrenza e controllo su 216 righe×27 carte.","CORRETTA","","","La perdita è 27→9→3→1 possibilità per l'indirizzo iniziale."
"A1-007","base 3","Guida/Tavola","guide.i2m.example","Le colonne osservate senza rovesciamenti sono n₀,n₁,n₂, cioè rev ω(n), indipendentemente dalle raccolte.","Libro §2.4","nessun rovesciamento; raccolta dopo la distribuzione","Verifica esaustiva su 216 righe e 27 posizioni.","CORRETTA","","",""
"A1-008","base 3","Guida/Simulatore","guide.s01.intro; guide.i2m.signature.example","La posizione centrale 13 è (1,1,1)₃.","Libro §1.3","posizioni base 0","Calcolo 9+3+1=13.","CORRETTA","","",""
"A1-009","MSC","Guida/HTML protocollo","guide.s03; export.document.protocol.mathematics_html","MSC(n)=9(n mod 3)+floor(n/3).","Libro §2.4; Articolo §3","T[origine]=destinazione","Confronto formula/vettore su n=0..26.","CORRETTA","","",""
"A1-010","MSC","Guida/HTML protocollo","guide.s03; protocollo","MSC(i₂,i₁,i₀)=(i₀,i₂,i₁).","Libro §2.4; Articolo §3","ordine cifre più significativa→meno significativa","Derivazione dalla formula numerica e verifica sui 27 ingressi.","CORRETTA","","",""
"A1-011","MSC","Explorer/JSON esperimento","convenzioni.regole.msc","Il vettore MSC è 0,9,18,1,10,19,…,8,17,26.","Libro §2.4","immagini in ordine degli ingressi 0..26","Calcolo diretto indipendente.","CORRETTA","","",""
"A1-012","MSC","Guida","guide.s03.properties","MSC² ruota (i₂,i₁,i₀) in (i₁,i₀,i₂).","Libro §2.4","composizione da destra a sinistra","Composizione diretta di MSC con sé stessa.","CORRETTA","","",""
"A1-013","MSC","Guida/HTML protocollo/tests","guide.s03.properties; protocollo","MSC³=I₂₇.","Libro §2.4; Articolo §3","I₂₇ identità sulle 27 posizioni","Verifica sui 27 ingressi e test completo.","CORRETTA","","",""
"A1-014","MSC","Guida","gioco27/gui/guide.py:_s07","MSC∘(A₂⊗A₁⊗A₀)=(A₀⊗A₂⊗A₁)∘MSC.","Libro §4; Articolo §3","Kronecker ordinato per pesi 9,3,1","Verifica indipendente su tutte le 216 terne locali.","CORRETTA","","",""
"A1-015","MSC","Guida","guide.s07.wrong_formula","La variante MSC∘(A₂⊗A₁⊗A₀)=(A₀⊗A₁⊗A₂)∘MSC è esplicitamente segnalata come falsa.","Conseguenza della relazione di trasporto","stesso ordine dei fattori","Controesempio diretto con tre fattori distinti.","CORRETTA","","","Il testo non presenta la formula falsa come legge."
"A1-016","MSC","Glossario/Guida","glossary.long.msc; guide.s03.properties","Fisicamente MSC rappresenta la messa in colonne con lettura/raccolta nell'ordine fissato.","Libro §2.2–§2.4","layout 3 colonne×9","Confronto con simulatore carta-per-carta su 27 carte.","CORRETTA","","",""
"A1-017","permutazioni","README/Guida/JSON","convenzioni.regole.trasformazione","T[i] è la posizione destinazione della carta/indice iniziale i.","Libro Notazioni; decisioni correnti","posizioni base 0","Confronto core, CLI, JSON e output GUI.","CORRETTA","","",""
"A1-018","permutazioni","Guida Riconoscimento","guide.i5.input","deck[posizione]=carta e, per mazzo iniziale ordinato, deck finale=T⁻¹.","Libro §2.4.8; A1","nessuna inversione implicita","Verifica con 216 righe e ricostruzione mazzo.","CORRETTA","","",""
"A1-019","permutazioni","Guida/Cayley/CLI","cayley.tooltip.a; convenzioni.regole.composizione","(a∘b)[i]=a[b[i]]: prima b, poi a.","Definizione adottata dal libro e dal programma","immagini di punti","Verifica con permutazioni non commutanti e core.","CORRETTA","","",""
"A1-020","permutazioni","Guida/Glossario","glossary.long.return; guide.i2t","T⁻¹ annulla T e il ritorno usa le sigle locali inverse nello stesso ordine dei livelli.","Libro §7.1.2","ritorno globale, non lettura al contrario","Verifica su tutte le 216 righe.","CORRETTA","","",""
"A1-021","permutazioni","Cicli/Glossario","guide.s20; glossary.long.order","L'ordine di T è il m.c.m. delle lunghezze dei cicli disgiunti.","Teoria delle permutazioni; Libro §6.8","punti fissi inclusi come cicli di lunghezza 1","Confronto su tutte le 216 righe e 648 elementi di Γ.","CORRETTA","","",""
"A1-022","permutazioni","Guida Tavola","guide.i2t.counterexample","Per #100 T(10)=5 mentre T⁻¹(10)=6.","Libro App. C, riga #100","T diretto vs inverso","Ricalcolo indipendente dal vettore della riga.","CORRETTA","","","Controesempio valido a 'inverso = diretto letto al contrario'."
"A1-023","permutazioni","Tavola/Guida","guide.s11; #100","#100=(CDS,CDS,CSD), Assi (13,8,18), ordine 6, nessun fisso, tipo 3³6³.","Libro App. C","righe numerate da 0","Ricalcolo core e oracolo tensoriale indipendente.","CORRETTA","","",""
"A1-024","permutazioni","Riconoscimento/Guida","guide.i5.examples; #91","#91=(SDC,DSC,CSD), ordine 6, nessun fisso, tipo 3·6⁴.","Libro App. C/A8","righe numerate da 0","Ricalcolo indipendente.","CORRETTA","","","Usata nell'esempio gemelli #100/#91."
"A1-025","permutazioni","Glossario ritorno","glossary.long.return; #56","#56=(CSD,DSC,SDC), ordine 6, nessun fisso, tipo 3·6⁴; il ritorno è #62.","Libro App. C","inversa globale","Ricalcolo T⁻¹ e lookup univoco nella Tavola.","CORRETTA","","",""
"A1-026","permutazioni","Glossario ritorno","glossary.long.return; #62","#62=(CSD,CDS,SDC), ordine 6, nessun fisso, tipo 3·6⁴; il ritorno è #56.","Libro App. C","inversa globale","Ricalcolo T⁻¹ e lookup univoco.","CORRETTA","","",""
"A1-027","permutazioni","Riconoscimento/Guida","guide.i5.examples; #195","#195=(DSC,CSD,DCS), ordine 6, nessun fisso, tipo 3·6⁴; il suo mazzo finale letto come T dà #196.","Libro §2.4.8 e App. C","mazzo finale=T⁻¹","Ricalcolo: numero(T₁₉₅⁻¹)=196.","CORRETTA","","",""
"A1-028","permutazioni","Guida ritorno","guide.i2t.examples","Le coppie inverse #100↔#93 e #177↔#142 sono corrette.","Libro App. C","stesso ordine delle fasi, sigle inverse","Lookup indipendente delle inverse.","CORRETTA","","",""
"A1-029","permutazioni","Guida ritorno","guide.i2t.examples","#0, #78 e #193 sono auto-inverse; con ε=(0,0,1), (SCD,DCS,SCD) realizza #185.","Libro App. C; App. D","DP3=A","Simulazione diretta e lookup della trasformazione.","CORRETTA","","",""
"A1-030","matrici","Guida Matrice","guide.s17.left.body","M(T)[i,j]=1 se e solo se T(j)=i; ogni riga e colonna contiene un solo 1.","Articolo §3–§4; Libro §3","righe=destinazioni, colonne=origini","Costruzione indipendente su tutte le 216 T.","CORRETTA","","",""
"A1-031","matrici","Guida","guide.s06.composition","M(a∘b)=M(a)@M(b).","Convenzione matriciale delle fonti","vettori colonna; prima b poi a","Moltiplicazione diretta su campione e test esaustivi del core.","CORRETTA","","",""
"A1-032","matrici","Guida Matrice/PDF","guide.s17.right.body; export PDF","M(T⁻¹)=M(T)ᵀ=M(T)⁻¹.","Teoria matrici di permutazione; Libro §3","matrici ortogonali 0/1","Verifica su tutte le 216 T e campioni PDF effettivi.","CORRETTA","","",""
"A1-033","matrici","Guida Matrice IT/EN","guide.s17.right.body","Un punto (i,j) di M(T⁻¹) viene descritto come 'la carta in i torna in j'.","Convenzione dichiarata nella stessa sezione","M[i,j]=1 significa mappa j→i","Controesempio con C9: il punto (18,0) di M(C9⁻¹) significa 0→18, non 18→0.","ERRATA","MATH-HIGH","A1-MATH-01","Orientazione riga/colonna invertita nella frase; griglia e core sono corretti."
"A1-034","matrici","Filtro/Guida canonica IT/EN","filter.intro; guide.s16.subtabs.items; guide.s17.inverse_formula; cayley.help.intro","I fattori sono presentati alternativamente come P₂⊗P₁⊗P₀, P₃⊗P₂⊗P₁ e P₀⊗P₁⊗P₂ senza cambio di convenzione esplicito.","Articolo Teor. 3.1/4.2; Libro §3–§4","ordine pubblico approvato P₂⊗P₁⊗P₀","Confronto sistematico delle chiavi user-facing e dell'ordine effettivo di kronecker3.","IMPRECISA","MATH-MEDIUM","A1-MATH-02","Il calcolo usa correttamente alto→basso; l'indicizzazione esposta non è univoca."
"A1-035","matrici","Guida Matrice IT/EN","guide.s17.inverse_formula","Se T=K∘MSCᵏ, la Guida afferma T⁻¹=rot₂ₖ(K⁻¹)∘MSC^((3−k) mod 3).","Relazione MSC∘K=rot₂(K)∘MSC","rot_n=rotazione sinistra di n fattori, come nel core/decisione","Derivazione dà rot_k(K⁻¹); controesempi espliciti per k=1 e k=2: formula esposta falsa, formula rot_k vera.","ERRATA","MATH-HIGH","A1-MATH-03","Difetto solo testuale: T⁻¹ numerico e matriciale del programma è corretto."
"A1-036","matrici","Explorer/Guida","guide.s17.inverse_formula","L'esponente inverso di MSC è (3−k) mod 3.","MSC³=I","k∈{0,1,2}","Verifica diretta dei tre casi.","CORRETTA","","","La parte di esponente della formula A1-035 è corretta."
"A1-037","matrici","PDF dettagliato/Guida","guide.s27.detailed_pdf.boards_valid","Le immagini degli Assi (0,13,26) determinano i tre fattori di ogni T separabile.","Libro App. C e §10.2","Assi=(0,0,0),(1,1,1),(2,2,2)","Verifica esaustiva sulle 216 T e 5.832 celle.","CORRETTA","","",""
"A1-038","H/Γ/S27","README/Guida/Laboratorio","README Nomenclatura; guide.s09","H contiene esattamente 6³=216 trasformazioni separabili ed è isomorfo a S₃³.","Articolo Cor. 4.3; Libro §6","H user-facing=gruppo 216","Enumerazione indipendente: 216 elementi distinti.","CORRETTA","","",""
"A1-039","H/Γ/S27","Riconoscimento/Laboratorio","catalogo I6","H è chiuso per composizione.","Struttura prodotto diretto S₃³","composizione adottata","Verifica esaustiva di 216²=46.656 prodotti.","CORRETTA","","",""
"A1-040","H/Γ/S27","Laboratorio","catalogo I6","Ogni elemento di H ha inversa in H.","Struttura di gruppo","identità riga #0","Verifica sui 216 elementi.","CORRETTA","","",""
"A1-041","H/Γ/S27","Tavola/Guida","statistiche Tavola","Gli ordini in H sono 1:1, 2:63, 3:26, 6:126.","Libro App. B.9/§6.8","ordine di permutazione","Calcolo ciclico indipendente su 216 T.","CORRETTA","","",""
"A1-042","H/Γ/S27","Tavola/Glossario","statistiche Tavola","I punti fissi in H hanno distribuzione 27:1, 9:9, 3:27, 1:27, 0:152.","Libro App. B.9","punti fissi di T","Conteggio indipendente su 216 T.","CORRETTA","","",""
"A1-043","H/Γ/S27","Guida/Test","statistiche Tavola","In H ci sono 64 elementi auto-inversi.","Libro §7.1.5–§7.1.6","T=T⁻¹","Conteggio diretto su 216 T.","CORRETTA","","",""
"A1-044","H/Γ/S27","Guida","guide.s09.properties","L'azione di H sulle 27 posizioni è transitiva.","H≅S₃³","azione cifra per cifra","Orbite indipendenti: una sola orbita di cardinalità 27.","CORRETTA","","",""
"A1-045","H/Γ/S27","Coniugio/Guida/export","conjugacy.*; guide.s22","H ha 27 classi di coniugio.","Articolo Oss. 7.2; Libro §6.7","coniugio interno a H","Calcolo indipendente e somma cardinalità 216.","CORRETTA","","",""
"A1-046","H/Γ/S27","Laboratorio/Guida","guide.i6.sections","Le 27 classi interne si fondono in 7 tipi ciclici di S27, non in 7 classi di H.","Articolo Oss. 7.2; Libro App. B.9","tipo ciclico ambientale","Raggruppamento indipendente delle 27 classi per partizione ciclica.","CORRETTA","","","Nessuna superficie corrente afferma 'H ha 7 classi'."
"A1-047","H/Γ/S27","Laboratorio/export","fusione_in_s27","Le cardinalità dei 7 tipi sono 1,9,27,27,26,54,72 e sommano 216.","Libro App. B.9","ordine del catalogo I6","Ricalcolo per tipo ciclico.","CORRETTA","","",""
"A1-048","H/Γ/S27","Coniugio/Laboratorio","conjugacy.stats; centro","Z(H) contiene solo l'identità.","Libro §6.9","centro interno a H","46.656 commutazioni verificate indipendentemente.","CORRETTA","","",""
"A1-049","H/Γ/S27","README/Guida/Laboratorio","guide.s09.extended_group","Γ=H⊔H∘MSC⊔H∘MSC² ha 648 elementi distinti.","Libro §11.7/App. D §5","classi laterali destre","Enumerazione indipendente 3×216 e disgiunzione.","CORRETTA","","",""
"A1-050","H/Γ/S27","Laboratorio/CLI","property orders gamma","Γ è chiuso e contiene inverse; gli ordini sono 1:1,2:63,3:98,6:342,9:144.","Semidiretto H⋊C₃","Γ user-facing=648","419.904 prodotti e 648 inverse verificati; CLI trova controesempio d'ordine 9.","CORRETTA","","",""
"A1-051","H/Γ/S27","Guida","guide.s09.extended_group","MSC appartiene a Γ ma non a H.","Definizione di Γ; non separabilità diretta di MSC","classi k=1","Test diretto di separabilità e lookup.","CORRETTA","","",""
"A1-052","H/Γ/S27","README/Laboratorio","guide.i6.domains","S27 è il gruppo ambiente di 27! permutazioni; le leggi di H/Γ non sono estese tacitamente a S27.","Teoria simmetrica","S27 non enumerato","Controllo catalogo domini e controesempi espliciti.","CORRETTA","","",""
"A1-053","Procedure","README/Guida","guide.i1.count","Le Procedure ordinarie sono 6³·2³=216·8=1.728.","Libro Prop. 9.58/App. D §7","tre raccolte e tre bit ε","Enumerazione indipendente di (#,m).","CORRETTA","","",""
"A1-054","Procedure","Guida/Tavola","guide.i1; identificatori","(#,m) con m=4e₁+2e₂+e₃ identifica univocamente una Procedura.","Decisione I1; Libro cap. 9","e₁ bit più significativo","Enumerazione dei 216×8 identificatori.","CORRETTA","","",""
"A1-055","Procedure","Guida/Laboratorio","guide.i1.count","Ogni T∈H è realizzata da esattamente 8 Procedure e da una sola senza rovesciamenti.","Libro Prop. 9.58/App. D §7","DP3=A","Fibra completa delle 1.728 procedure: 216 classi di 8.","CORRETTA","","",""
"A1-056","Procedure","Guida","guide.i1.count","J (#215) è realizzato da (0,1),(0,2),(0,4),(0,7),(215,0),(215,3),(215,5),(215,6).","Libro cap. 9; classificazione I1","coppie (#,m)","Enumerazione indipendente delle preimmagini di J.","CORRETTA","","",""
"A1-057","Procedure","Simulatore/Guida","guide.i1.fiber","Per ogni coppia carta c/bersaglio t esistono 64 Procedure.","Transitività di H e molteplicità 8","729 coppie c,t","Conteggio esaustivo su 27² fibre.","CORRETTA","","",""
"A1-058","Procedure","Guida","guide.i1.fiber","Ogni fibra carta/bersaglio contiene 8 trasformazioni globali distinte.","Stabilizzatore in H","stessa azione su una carta ≠ stessa T","Conteggio esaustivo su 729 fibre.","CORRETTA","","",""
"A1-059","Procedure","Guida","guide.i1.fiber","Ogni fibra carta/bersaglio contiene 8 Procedure semplici, una per T della fibra.","I1","semplice=senza rovesciamenti","Conteggio esaustivo su 729 fibre.","CORRETTA","","",""
"A1-060","Procedure","Guida","guide.i1.strategies","La strategia storica coincide con la soluzione del Simulatore in 729/729 coppie.","Algoritmo I1/Simulatore","min k1 poi #","Confronto esaustivo indipendente.","CORRETTA","","",""
"A1-061","Procedure","Guida","guide.i1.strategies","La variante sicura minimizza k3,k2,k1 e differisce dalla storica in 386/729 coppie.","Algoritmo I1","nessuna raccolta ciclica preferita","Confronto esaustivo.","CORRETTA","","",""
"A1-062","Procedure","Guida","guide.i1.counterexample","Carta 0→13 è realizzata da 8 T diverse: stessa azione su una carta non implica stessa trasformazione globale.","Azione transitiva/stabilizzatore","dominio H","Enumerazione della fibra e confronto dei 27 valori.","CORRETTA","","","Controesempio valido."
"A1-063","reversals","Guida fisica IT/EN","guide.s01.steps; guide.s05.intro","La descrizione iniziale colloca il rovesciamento dopo la raccolta 'prima dello stadio successivo', mentre la convenzione canonica è Jᵢ prima della distribuzione dello stesso stadio.","Libro App. D §5; DP3=A","reindicizzazione possibile solo agli intervalli interni","Confronto con Stageᵢ=Pᵢ∘MSC∘Jᵢ e con l'adattatore A/B esaustivo.","CORRETTA MA AMBIGUA","MATH-MEDIUM","A1-MATH-04","Ai bordi iniziale/finale le due descrizioni non coincidono senza adattatore esplicito."
"A1-064","reversals","Guida","guide.i1.reversals","R(d)=2−d e R∘R=I.","Libro App. D §5","rovesciamento locale","Verifica sui tre digit.","CORRETTA","","",""
"A1-065","reversals","Guida","gioco27/gui/guide.py:_i1","uᵢ=Σ(h=0..i)ε_h mod 2.","Libro App. D Cor. 5.2","ε prima della distribuzione","Confronto letterale con fonte e 1.728 procedure.","CORRETTA","","",""
"A1-066","reversals","Guida","gioco27/gui/guide.py:_i1","vᵢ=Σ(h=i+1..m−1)ε_h mod 2.","Libro App. D Cor. 5.2","somma vuota=0","Confronto fonte e 1.728 procedure.","CORRETTA","","",""
"A1-067","reversals","Guida","gioco27/gui/guide.py:_i1","Qᵢ=R^{vᵢ}∘Sᵢ∘R^{uᵢ}.","Libro App. D Cor. 5.2","composizione da destra a sinistra","Verifica esaustiva sulle 1.728 Procedure.","CORRETTA","","",""
"A1-068","reversals","Guida","gioco27/gui/guide.py:_i1","Sᵢ=R^{vᵢ}∘Qᵢ∘R^{uᵢ}.","Libro App. D Cor. 5.2","R involutiva","Derivazione per involutività e verifica esaustiva.","CORRETTA","","",""
"A1-069","reversals","Guida","guide.i1.reversals.example","Con S₀=(012),S₁=(01),S₂=(02), ε=(1,0,1): Q₀=(021),Q₁=(12),Q₂=(02) e 5→25.","Libro App. D Es. 7.2","cicli su {0,1,2}","Ricalcolo indipendente della traiettoria 5→16→5→25 e dei Q.","CORRETTA","","",""
"A1-070","reversals","Guida","guide.i1.reversals.note","Fattori finali e somme di fibra ricostruiscono T ma non la storia ε; ε nota ricostruisce le raccolte.","Libro App. D Oss. 6.5/Cor. 5.2","8 storie per T","Confronto con fibre complete di 8 e formule inverse.","CORRETTA","","",""
"A1-071","reversals","Fonti","Articolo conclusioni vs LIBRO_MAIN App. D §5–§7","L'articolo assume assenza di rovesciamenti; l'Appendice D estende il modello con rovesciamenti prima della distribuzione.","Articolo §8; Libro App. D","DP1=C; DP3=A","Lettura diretta delle due fonti e confronto delle ipotesi.","TENSIONE FRA FONTI","SOURCE-TENSION","A1-SRC-01","Differenza di perimetro, non errore del prodotto; App. D è operativa."
"A1-072","errori","Guida Pratica","guide.i3.order","L'ordine fisico mostrato distingue distribuzione, colonna, raccolta/impilamento e rovesciamento E2.","Decisioni I3","piano ed eseguito separati","Confronto con simulazione fisica e servizi I3.","CORRETTA","","",""
"A1-073","errori","Guida Pratica","guide.i3.errors","E1 riguarda soltanto CDS/DSC, le due sigle non auto-inverse.","Libro Prima Crisi; tavola S₃","mescolamento vs impilamento inverso","Inversione delle sei sigle verificata.","CORRETTA","","",""
"A1-074","errori","Guida Pratica","guide.i3.errors","Da #111, E1 in fase 1 porta la carta a 19 e la T eseguita alla riga #112.","Scenario I3","conseguenze reali","Simulazione carta-per-carta indipendente e lookup Tavola.","CORRETTA","","",""
"A1-075","errori","Guida Pratica","guide.i3.errors","Da #111, E1 in fase 3 porta la carta a 11 e la T eseguita alla riga #147.","Scenario I3","conseguenze reali","Simulazione indipendente e lookup.","CORRETTA","","",""
"A1-076","errori","Guida Pratica","guide.i3.errors","Con CSD³, E2 alle fasi 1/2/3 porta la carta in 25/22/13.","Scenario I3","E2=rovesciamento dopo raccolta","Ricalcolo delle tre simulazioni.","CORRETTA","","",""
"A1-077","errori","Guida Pratica","guide.i3.errors","E2 finale produce J∘T, riga #172, pur raggiungendo il bersaglio 13.","Decisione I3/DP3","J globale a sinistra","Confronto delle 27 immagini e lookup #172.","CORRETTA","","",""
"A1-078","errori","Guida Pratica","guide.i3.errors","Nel trucco 0→13, E4 indicando colonna 1 con raccolta SCD porta a 12.","Scenario I3","colonne 0,1,2","Simulazione diretta.","CORRETTA","","",""
"A1-079","errori","Guida Pratica","guide.i3.recovery","Dopo fase 1 restano al massimo 36 raccolte di recupero, dopo fase 2 al massimo 6.","Spazio delle raccolte residue","due o una fase residua","Enumerazione dei domini residui.","CORRETTA","","",""
"A1-080","errori","Guida Pratica","guide.i3.no_recovery","E1 ed E4 non sono recuperabili nelle fasi successive perché alterano la cifra già scritta.","Macchina che dimentica","errore sulla cifra della fase","Verifica esaustiva dei piani residui nei casi dichiarati.","CORRETTA","","",""
"A1-081","errori","Guida Pratica","guide.i3.examples","Dopo E3 in fase 1 per 0→13 esiste un recupero; dopo E2 finale il ritorno è T₁₇₂⁻¹.","Scenario I3","ritorno solo se T eseguita è in H","Ricerca indipendente dei residui e inversione #172.","CORRETTA","","",""
"A1-082","spettatore","Guida/Simulatore","guide.i4; guide.s19.tabs.items","Le candidate si restringono 27→9→3→1.","Libro dinamica informativa/B12","tre risposte ternarie","Verifica su tutte le 27 terne di risposte e 729 coppie carta/bersaglio.","CORRETTA","","",""
"A1-083","spettatore","Guida","guide.i4.how","Ogni risposta fissa una cifra della posizione iniziale.","Macchina che dimentica","ordine n₀,n₁,n₂","Derivazione e verifica esaustiva.","CORRETTA","","",""
"A1-084","spettatore","Guida","guide.i4.how","La raccolta adattiva è scelta dopo la risposta e scrive la cifra corrispondente del bersaglio.","Libro dinamica informativa","nessun accesso all'identità della carta","Simulazione su 729 casi.","CORRETTA","","",""
"A1-085","spettatore","Guida","guide.i4.known","Con ordine iniziale noto, tre risposte determinano posizione iniziale, carta e posizione finale; due non bastano.","Informazione ternaria","mazzo iniziale noto","Cardinalità candidate 1 vs 3 verificata.","CORRETTA","","",""
"A1-086","spettatore","Guida B12","guide.i4.b12","Con ordine iniziale ignoto, ritorno T⁻¹ e tre raccolte centrali portano la carta ignota in 13.","Libro B12","posizione nota, identità ignota","Simulazione del protocollo B12.","CORRETTA","","",""
"A1-087","spettatore","Guida B12","guide.i4.example","Impilamenti (DSC,DSC,CSD) implicano mescolamenti (CDS,CDS,CSD), riga #100, e ritorno (CDS,CDS,CSD).","Libro B12/App. C","impilamento=inversa della sigla funzionale","Ricalcolo sigle, riga e inversa.","CORRETTA","","",""
"A1-088","riconoscimento","Guida/CLI","guide.i5.direct; recognize","T è separabile iff ogni cifra dᵢ(T(x)) dipende solo da dᵢ(x).","Articolo Def. 4.1/Teor. 4.2; Libro App. D §4","tre livelli i=0,1,2","Derivazione dalla fonte e riconoscitore indipendente.","CORRETTA","","",""
"A1-089","riconoscimento","Laboratorio/test","separabilità H","216/216 elementi di H sono riconosciuti separabili.","Cor. 4.3","H=immagine S₃³","Verifica esaustiva indipendente.","CORRETTA","","",""
"A1-090","riconoscimento","Laboratorio/test","separabilità Γ","216/648 elementi di Γ sono separabili, precisamente la classe H.","Classi laterali Γ/H","k=0 separabile","Verifica esaustiva indipendente.","CORRETTA","","",""
"A1-091","riconoscimento","Guida/CLI","guide.i5.other; recognize","Per T∈Γ esiste un unico k∈{0,1,2} tale che T∘MSC⁻ᵏ∈H.","Decomposizione in classi laterali","forma K∘MSCᵏ","Verifica sui 648 elementi.","CORRETTA","","",""
"A1-092","riconoscimento","Guida","guide.i5.directions","Il riconoscimento avanti su T dà i fattori; quello indietro su T⁻¹ dà i fattori inversi.","Articolo Teor. 4.2; Libro App. D","T[origine]=destinazione","Verifica su tutte le 216 T.","CORRETTA","","",""
"A1-093","riconoscimento","Guida","guide.i5.integer_not_enough","Candidati interi e nel dominio non bastano: devono essere distinti e formare una permutazione.","Libro App. D Teor. 6.4","candidati per ciascun livello","Controesempio 'somme equilibrate' calcolato: (1,1,1) a ogni livello.","CORRETTA","","",""
"A1-094","riconoscimento","Guida/esempio","guide.i5.examples #100","#100 è separabile con fattori (CSD,CDS,CDS).","Libro A1/App. C","ordine fattori alto→basso","Riconoscimento diretto indipendente e lookup.","CORRETTA","","",""
"A1-095","riconoscimento","Guida/esempio","guide.i5.examples C1","C1 passa al livello 0 ma fallisce ai livelli 1 e 2; non appartiene né a H né a Γ.","Libro A13 come spunto; calcolo","Ck:x↦x+k mod27","Diagnostica cifra per cifra e lookup esaustivo.","CORRETTA","","",""
"A1-096","riconoscimento","Guida/esempio","guide.i5.examples #195/#196","Il vettore finale di §2.4.8 è deck=T₁₉₅⁻¹ e, se letto come T, identifica #196.","Libro §2.4.8/App. C","deck[pos]=carta","Confronto vettori e lookup.","CORRETTA","","",""
"A1-097","riconoscimento","Diagnostica","recognition conflicts","Un conflitto valido usa due ingressi con stessa cifra di livello e immagini con cifre diverse.","Articolo Teor. 4.2","prima coppia in ordine deterministico","Verifica dei controesempi C1 e permutazione bilanciata.","CORRETTA","","",""
"A1-098","riconoscimento","Fonti/Guida","Articolo Oss. 5.3 vs Libro App. D Teor. 6.4","L'articolo non assume la sola compatibilità numerica come criterio per π arbitraria; il libro prova il criterio iff con candidati-permutazione.","Articolo §5; Libro App. D §6","DP1=C: entrambe, App. D operativa","Lettura delle dimostrazioni e brute force separata su H, Γ e controesempio bilanciato.","TENSIONE FRA FONTI","SOURCE-TENSION","A1-SRC-02","Differenza reale di formulazione; il prodotto espone correttamente le condizioni aggiuntive."
"A1-099","somme di fibra","Guida Riconoscimento","guide.i5.sums","Σᵢ,ₜ(π)=Σ_{x∈Fᵢ,ₜ}π(x) somma le immagini della fibra digitale.","Articolo §5; Libro App. D §6","fibra dᵢ(x)=t di cardinalità 9","Calcolo indipendente sui 9 elementi di ogni fibra.","CORRETTA","","",""
"A1-100","somme di fibra","Guida","gioco27/gui/guide.py:_i5","ρ̂ᵢ(t)=(Σᵢ,ₜ−Cᵢ)/3^(2+i).","Articolo Teor. 5.1; Libro App. D Teor. 6.4","b=m=3","Derivazione dalla formula generale e verifica su 216 T.","CORRETTA","","",""
"A1-101","somme di fibra","Guida","gioco27/gui/guide.py:_i5","C₀=108, C₁=90, C₂=36.","Articolo §6; Libro App. D §7","livelli di peso 1,3,9","Calcolo dalla formula Cᵢ e confronto fonte.","CORRETTA","","",""
"A1-102","somme di fibra","Guida","guide.i5.directions","Il criterio è iff quando, a ogni livello, i tre candidati sono interi, in {0,1,2}, distinti e quindi una permutazione.","Libro App. D Teor. 6.4","π arbitraria in S27","Verifica indipendente e lettura della prova quadratica nel libro.","CORRETTA","","",""
"A1-103","somme di fibra","Guida/esempio identità","guide.i5.directions","Per I, al livello 2 le somme sono 36,117,198.","Articolo §6; Libro App. D §7","fibre per cifra più significativa","Somma diretta dei blocchi 0..8,9..17,18..26.","CORRETTA","","",""
"A1-104","somme di fibra","Fonte/esempio","Articolo Es. 6.1; Libro App. D Es. 7.1","Le nove somme 117,126,108 / 144,117,90 / 117,36,198 ricostruiscono (120),(210),(102).","Articolo §6; Libro App. D §7","cicli locali come funzioni su {0,1,2}","Ricalcolo di tutti i nove quozienti.","CORRETTA","","","Le due fonti concordano sui dati."
"A1-105","somme di fibra","Guida/macchina","guide.i2m.signature","ΣBⱼ=36+81j, quindi 36,117,198.","Libro Prop. 1.7","Bⱼ={9j,…,9j+8}","Somma aritmetica diretta per j=0,1,2.","CORRETTA","","",""
"A1-106","somme di fibra","Guida/macchina","guide.i2m.signature","Con un elemento mancante x=36+81j−S₈.","Libro Prop. 1.8","otto elementi dello stesso blocco","Derivazione sottraendo dalla somma completa.","CORRETTA","","",""
"A1-107","somme di fibra","Guida/macchina","guide.i2m.signature.example","Gli intervalli di S₈ sono 28..36,100..108,172..180 e sono disgiunti.","Libro Prop. 1.8","manca un solo elemento","Enumerazione delle 27 possibilità.","CORRETTA","","",""
"A1-108","somme di fibra","Guida/esempio","guide.i2m.signature.example","S₈=104 implica j=1 e x=36+81−104=13.","Libro §1.10","posizioni base 0","Calcolo diretto.","CORRETTA","","",""
"A1-109","traslazioni","Guida I3/I5","guide.i3.errors; guide.i5.examples","C9 è separabile e coincide con la riga #144.","Calcolo; Tavola App. C","Ck:x↦x+k mod27","Confronto dei 27 valori e lookup.","CORRETTA","","",""
"A1-110","traslazioni","Guida I3/I5","guide.i3.errors; guide.i5.examples","C18 è separabile e coincide con la riga #108.","Calcolo; Tavola App. C","Ck:x↦x+k mod27","Confronto dei 27 valori e lookup.","CORRETTA","","",""
"A1-111","traslazioni","Laboratorio/Guida","catalogo traslazioni","Fra C1..C26, soltanto C9 e C18 appartengono a H e sono separabili.","Calcolo strutturale","tagli non banali","Enumerazione indipendente k=1..26.","CORRETTA","","",""
"A1-112","traslazioni","Laboratorio/Guida","catalogo traslazioni","Le altre 24 traslazioni non banali sono fuori sia da H sia da Γ.","Calcolo strutturale","Γ=648","Lookup indipendente nei due insiemi.","CORRETTA","","",""
"A1-113","traslazioni","Fonti/Guida","Libro A13 vs calcolo C9/C18","A13 afferma senza eccezioni che il taglio non appartiene al gruppo del Gioco; C9 e C18 sono invece elementi di H.","Libro §7.1.13; Tavola/App. C","taglio modellato come Ck modulo 27","Confronto testuale e enumerazione di tutte le 26 traslazioni.","TENSIONE FRA FONTI","SOURCE-TENSION","A1-SRC-03","Il prodotto adotta il risultato calcolato e limita correttamente l'affermazione."
"A1-114","due mazzi","Guida Riconoscimento","guide.i5.other A8","La trasformazione relativa da A a B è T_B∘T_A⁻¹.","Libro A8 §7.1.8","A e B ottenuti dallo stesso ordine iniziale","Derivazione sulle etichette delle carte e test su coppie H.","CORRETTA","","",""
"A1-115","due mazzi","Servizio/UI","trasformazione_relativa","La carta che occupa p in A occupa (T_B∘T_A⁻¹)(p) in B.","Libro A8","p è posizione in A","Verifica carta per carta su 216 coppie campionate/esaurienti strutturalmente.","CORRETTA","","",""
"A1-116","due mazzi","Guida/esempio","guide.i5.examples","Per i mazzi delle righe #100 e #91 la trasformazione relativa è separabile.","Libro A8","entrambi T_A,T_B∈H","Calcolo relativo e riconoscimento diretto.","CORRETTA","","",""
"A1-117","due mazzi","Guida IT/EN","guide.i5.other","La frase 'la trasformazione relativa è sempre separabile' non esplicita che A e B devono essere mazzi gemelli prodotti da T_A,T_B∈H.","Libro A8 §7.1.8","premessa necessaria T_A,T_B∈H","Controesempio ammesso dall'input generico: A identità, B mazzo finale di C1; relativa=C1 non separabile.","CORRETTA SOLO SOTTO CONVENZIONE ESPLICITA","MATH-MEDIUM","A1-MATH-05","La vista accetta anche due mazzi arbitrari e in quel caso verifica correttamente la raggiungibilità."
"A1-118","due mazzi","Guida Riconoscimento","guide.i5.other v→w","v si porta in w con una T∈H iff la relativa da v a w è separabile.","Chiusura/azione di H","mazzi con le stesse 27 carte","Equivalenza verificata su test esaustivi/campioni e derivazione di gruppo.","CORRETTA","","",""
"A1-119","guide","Guida/riconoscimento","guide.i5.other","Dalle guide q₀=T(0), q₂=T(26) si ricava q₁=39−q₀−q₂ quando T∈H/Γ.","Libro §10.2.1","somma guide=39","Verifica su 216 H e 648 Γ.","CORRETTA","","",""
"A1-120","guide","Guida/esempio","§10.2.1","q₀=2 e q₂=22 danno q₁=15.","Libro §10.2.1","posizioni base 0","Calcolo 39−2−22=15.","CORRETTA","","",""
"A1-121","guide","Guida/esempio","§10.2.1","Per q₀=2,q₂=22 il ritorno ha τ₂=SCD, τ₁=SDC, τ₀=CDS.","Libro §10.2.1","fattori del tabellone di ritorno","Ricostruzione indipendente dai tre punti guida e verifica su 27 carte.","CORRETTA","","",""
"A1-122","guide","Guida/esempio","§10.2.1","Il ritorno manda R(0),R(1),R(2) in 1,2,0.","Libro §10.2.1","R=T⁻¹ nella convenzione adottata","Applicazione diretta dei fattori ricostruiti.","CORRETTA","","",""
"A1-123","guide","Laboratorio/Guida","guide.i6.counterexample","La somma delle tre guide vale 39 in H e Γ.","Libro §10.2.1 più inferenza Γ","guide 0,13,26","Verifica esaustiva 216+648.","CORRETTA","","",""
"A1-124","guide","Laboratorio/Guida","guide.i6.counterexample","In S27 la somma 39 non è universale: lo scambio delle ultime due posizioni è un controesempio.","Controesempio I6","dominio S27","Somma 0+13+25=38; la premessa di essere una permutazione è soddisfatta.","CORRETTA","","",""
"A1-125","L90/J","Guida Sessione/CLI","guide.s29.session.body","Per T^(1),…,T^(N), C_N=T^(N)∘…∘T^(1).","Libro cap. 10; L90","ordine cronologico da destra a sinistra","Ricalcolo vettoriale di successioni campione.","CORRETTA","","",""
"A1-126","L90/J","Guida Sessione/CLI","guide.s29.session.body","Il ritorno compresso è R=C_N⁻¹.","Teoria delle permutazioni","ritorno all'origine, non cronologia","Verifica C_N⁻¹∘C_N=I.","CORRETTA","","",""
"A1-127","L90/J","Guida successioni","successione/replay","Il percorso a ritroso usa (T^(N))⁻¹,…,(T^(1))⁻¹; C_N da solo non conserva la storia.","Libro cap. 10","passi conservati separatamente","Ricostruzione step-by-step dell'esempio e confronto con ritorno compresso.","CORRETTA","","",""
"A1-128","L90/J","CLI/Guida","esempio #100,#56,#17 ε=101","Le Procedure (#100,0),(#56,5),(#17,5) hanno righe effettive [100,56,11].","Esempio corrente L90","m codifica ε","Ricalcolo di ogni Procedura.","CORRETTA","","",""
"A1-129","L90/J","CLI/Guida","esempio successione","Il cumulativo dell'esempio è la riga #117.","Esempio corrente L90","composizione T3∘T2∘T1","Ricalcolo indipendente dei 27 valori e lookup.","CORRETTA","","",""
"A1-130","L90/J","CLI/Guida","esempio successione","Il ritorno dell'esempio è CDS,SDC,CDS.","Esempio corrente L90","sigle funzionali del T cumulativo inverso","Ricalcolo T₁₁₇⁻¹ e fattori.","CORRETTA","","",""
"A1-131","L90/J","Laboratorio/Glossario","guide.i6.sections; glossary.long.giullare","J=DCS⊗DCS⊗DCS è la riga #215, ordine 2, classe #27=(T,T,T), unico fisso 13.","Libro §6/App. B","J elemento di H, distinto dal gesto ε","Calcolo diretto, classi e punti fissi.","CORRETTA","","",""
"A1-132","L90/J","Laboratorio","scheda_j","J appartiene a H e le sue 8 Procedure sono esattamente quelle elencate in A1-056.","Libro cap. 9","fibra delle Procedure","Enumerazione indipendente.","CORRETTA","","",""
"A1-133","I6","Laboratorio/CLI","catalogo proprietà","Ogni proprietà dichiara dominio, quantificatore/metodo, esito e controesempio.","Decisione I6","S3,H,Γ,S27,Procedure distinti","Ispezione catalogo completo e CLI property.","CORRETTA","","",""
"A1-134","I6","Laboratorio/CLI","ordini H","'ordine in {1,2,3,6}' è vero esaustivamente in H su 216 casi.","Libro §6.8","dominio H","Calcolo indipendente degli ordini.","CORRETTA","","",""
"A1-135","I6","Laboratorio/CLI","ordini Γ","La stessa proprietà è falsa in Γ: 144 elementi hanno ordine 9.","Struttura Γ","dominio Γ","Enumerazione 648 e controesempio CLI valido.","CORRETTA","","",""
"A1-136","I6","Laboratorio","controesempio S27","'fissi solo 0,1,3,9,27' fallisce in S27 con lo scambio delle ultime due posizioni, che ha 25 fissi.","Teoria S27","controesempio lessicografico dichiarato","Conteggio diretto dei fissi.","CORRETTA","","",""
"A1-137","I6","Laboratorio","controesempio A4","Non esiste T∈H con T(0)=0 e T(1)=3.","Azione separabile","due vincoli simultanei","Enumerazione dei 216 elementi.","CORRETTA","","","Controesempio valido a 'due carte ovunque'."
"A1-138","I6","Laboratorio","classi laterali","Le tre classi laterali di Γ hanno ciascuna 216 elementi.","Γ/H","H∘MSC^k","Enumerazione e disgiunzione.","CORRETTA","","",""
"A1-139","I6","Laboratorio","stadi","Senza rovesciamenti, dopo j=1,2,3 stadi ci sono 6,36,216 configurazioni e altrettante T.","Libro §11.7","raccolte ordinarie","Enumerazione diretta.","CORRETTA","","",""
"A1-140","I6","Laboratorio","stadi","Con rovesciamenti, gli stadi danno 12→12, 144→72, 1.728→216 per j=1,2,3.","Libro App. D/cap. 9","Procedure prefisse","Enumerazione indipendente e molteplicità 1,2,8.","CORRETTA","","",""
"A1-141","I6","Laboratorio","stadi/classi laterali","Dopo 1,2,3 stadi si è rispettivamente in H∘MSC, H∘MSC², H.","Libro §11.7","R nella Guida I6=MSC","Verifica di forma canonica su tutte le configurazioni di stadio.","CORRETTA","","",""
"A1-142","grafi","Laboratorio","tavola locale 6×6","La tavola locale contiene 36 celle e coincide 36/36 con la fonte.","Libro §8.2","ordine SCD,SDC,CSD,DSC,CDS,DCS","Ricalcolo di tutte le composizioni.","CORRETTA","","",""
"A1-143","grafi","Laboratorio","decomposizioni_locali","Ogni risultato locale ha 6 decomposizioni P∘Q.","Teoria di gruppo S₃; Libro §8.5","P libero, Q determinato","Enumerazione 6×6.","CORRETTA","","",""
"A1-144","grafi","Laboratorio/Guida","grafo S3","Il grafo di Cayley di S3 con le tre trasposizioni è K₃,₃: 6 vertici, 9 archi, grado 3, diametro 2.","Libro §8; inferenza grafica","grafo non orientato semplice","BFS indipendente e conteggio archi.","CORRETTA","","",""
"A1-145","grafi","Laboratorio/Guida","grafo H","Il grafo di H con una trasposizione a un livello ha 216 vertici, 972 archi, grado 9 e diametro 6.","Prodotto di grafi S₃³","grafo non orientato","BFS completo; distanze 1,9,33,63,66,36,8.","CORRETTA","","",""
"A1-146","grafi","Laboratorio/Guida","grafo Cronache","Il grafo che cambia una raccolta per volta ha 216 vertici, 1.620 archi, grado 15 e diametro 3.","Libro Cronache; I6","ogni coordinata cambia in 5 modi","BFS completo; distanze 1,15,75,125.","CORRETTA","","",""
"A1-147","export","CSV effettivo","export combinazioni","Il CSV grezzo ha 9 colonne: #, Stage0..2, A0..2, T_simbolica, T_permutazione.","Contratto export corrente","separatore ; e campi quotati","Generazione reale di 2 righe in temporaneo automatico e parsing indipendente.","CORRETTA","","",""
"A1-148","export","PDF standard/esteso effettivo","export PDF","I PDF campione riportano due combinazioni, matrici e formule coerenti con le T prodotte.","Contratto export","una pagina per combinazione nel campione","Generazione, rendering e ispezione di 2 pagine per formato.","CORRETTA","","",""
"A1-149","export","PDF dettagliato effettivo","export PDF dettagliato","I tabelloni T/T⁻¹, Assi, periodo e rovesciamenti del campione coincidono col core.","Libro App. C; contratto export","due combinazioni per pagina","Generazione e ispezione visuale/testuale del campione.","CORRETTA","","",""
"A1-150","export","XLSX effettivo","export analisi","I fogli Perm→Simboliche e Simbolica→Perm conservano la corrispondenza bidirezionale.","Contratto export","T numerica come chiave","Generazione reale, apertura con openpyxl e controllo celle campione.","CORRETTA","","",""
"A1-151","export","LaTeX effettivo","export Cayley/coniugio","Le formule di composizione e le 27 classi/|H|=216 negli export LaTeX coincidono con i dati.","Teoria H; contratto export","H user-facing=216","Generazione reale e confronto con catalogo.","CORRETTA","","",""
"A1-152","export","SVG effettivo","export Cayley/coniugio","Griglia di coniugio e frecce/celle SVG riportano cardinalità e relazioni corrette.","Teoria H","coordinate grafiche non cambiano il dato","Generazione reale e parsing dei marker/testi.","CORRETTA","","",""
"A1-153","export","TXT/HTML effettivi","riepilogo e protocollo","TXT classi e protocollo HTML riportano T, T⁻¹, Stage e MSC con la convenzione corrente.","Contratti export","composizione da destra a sinistra","Generazione reale e confronto con permutazioni campione.","CORRETTA","","","Salvo le formule user-facing già segnalate in A1-033/A1-035."
"A1-154","export","JSON effettivo","esperimento schema 1","Il JSON serializza convenzioni, risultati e digest; al reload i risultati matematici sono ricalcolati e coincidono.","Contratto esperimenti J","schema gioco27.esperimento v1","Salvataggio/caricamento reale VERIFIED in temporaneo automatico.","CORRETTA","","",""
"A1-155","CLI","CLI versione/help","python -m gioco27 --version/--help","La CLI espone 4.0.0 e i comandi matematici dichiarati.","Release 4.0.0","stessa matematica della GUI","Esecuzione reale dei comandi.","CORRETTA","","",""
"A1-156","CLI","CLI selftest JSON","selftest --json","Selftest: ancore #100/#82, 216 fisica/algebra, 1.728 fisica/matrici, 216 Assi, 729 trucco.","Libro App. C e suite","nessun assert necessario","Esecuzione reale: tutti gli indicatori OK.","CORRETTA","","",""
"A1-157","CLI","CLI recognize human/JSON","recognize I e C9","I è separabile riga #0 k=0; C9 è separabile riga #144 k=0; criterio somme vero.","I5","output stabile human/JSON","Esecuzione reale e confronto con oracolo indipendente.","CORRETTA","","",""
"A1-158","CLI","CLI property human/JSON","property orders","Ordini H vero su 216; in Γ falso con elemento d'ordine 9 e totale 648.","I6","domini dichiarati","Esecuzione reale e confronto enumerazione.","CORRETTA","","",""
"A1-159","CLI","CLI sequence human/JSON/CSV","sequence #100,0 #56,5 #17,5","La CLI produce righe [100,56,11], cumulativo #117 e ritorno CDS/SDC/CDS; CSV 3 righe coerenti.","L90/J","composizione cronologica","Esecuzione reale, parsing JSON/CSV e ricalcolo indipendente.","CORRETTA","","",""
"A1-160","CLI","CLI export JSON/CSV","export successione","L'export CLI di un esperimento verificato riproduce le 3 righe e crea manifest coerente.","Contratto J","file temporanei automatici","Esecuzione reale, parsing CSV/JSON; temporaneo rimosso automaticamente.","CORRETTA","","",""
