concept_id,concept,preferred_it,preferred_en,accepted_it,accepted_en,deprecated_it,deprecated_en,source_terms,surfaces,status,issue_id,notes
"A2-C001","card identity","carta","card","carta scelta; carta guida","chosen card; guide card","carta when a numerical position is meant","card when a position is meant","","glossary; Simulator; Practice; Spectator; Guide","TERM-MEDIUM","A2-TERM-MEDIUM-04","Identity must not be inferred from the same numeric label as a position except for an explicitly ordered initial deck."
"A2-C002","deck position","posizione","position","sede in the physical pile model","slot; place","carta; indice when identity is meant","card; index when identity is meant","","glossary; Table; Explorer; Simulator; CLI; exports","TERM-MEDIUM","A2-TERM-MEDIUM-04","Positions are 0..26 with 0 at the top."
"A2-C003","numeric index","indice","index","indice di cifra; indice di riga","digit index; row index","carta; posizione unless the indexing role is explicit","card; position unless indexing is explicit","","Guide; Recognition; CLI; CSV/JSON","TERM-LOW","A2-TERM-LOW-03","Used technically but absent from the glossary."
"A2-C004","current deck state","disposizione","arrangement","stato del mazzo; ordine corrente","deck state; current order","disposizione semplice for a Table row; disposizione #n","simple arrangement for a Table row; arrangement #n","disposizione semplice / simple arrangement","Sequence L90; Table; Simulator; Spectator; Presentation","TERM-HIGH","A2-TERM-HIGH-01","Reserve this term for the card order/state v_k."
"A2-C005","deck","mazzo","deck","mazzo di 27 carte","27-card deck","disposizione when the physical object is meant","arrangement when the physical object is meant","","all physical and didactic surfaces","VERIFIED","","Stable physical object term."
"A2-C006","deck order","ordine del mazzo","deck order","ordine corrente; disposizione","current order; arrangement","ordine without qualifier when permutation order is nearby","order without qualifier when permutation order is nearby","","Simulator; Shuffle viewer; Guide; exports","VERIFIED","","Use the compound form when permutation order is also in scope."
"A2-C007","physical dealing action","distribuire","deal","dare le carte in colonne","deal into columns","mescolare","shuffle","","Simulator; Spectator; Guide; glossary","TERM-MEDIUM","A2-TERM-MEDIUM-01","The action is physically distinct from pickup and from the algebraic shuffle code."
"A2-C008","physical deal","distribuzione","deal","distribuzione in tre colonne","deal into three columns","mescolamento MSC when only the deal is meant","MSC shuffle when only the deal is meant","","Distribution tab; Simulator; Spectator; Guide","TERM-MEDIUM","A2-TERM-MEDIUM-01","Preferred noun for the visible dealing operation."
"A2-C009","physical collecting action","raccogliere","pick up","riprendere i mazzetti","collect the packets","mescolare when only the physical pickup is meant","shuffle when only pickup is meant","","Simulator; Spectator; Guide; glossary","TERM-MEDIUM","A2-TERM-MEDIUM-01","Verb for rebuilding the deck from three physical piles."
"A2-C010","collection permutation P","raccolta P","pickup P","permutazione di raccolta; raccolta","collection permutation; pickup","mescolamento without model qualifier","shuffle without model qualifier","","glossary; Guide; Table; Laboratory; exports","TERM-MEDIUM;TERM-LOW","A2-TERM-MEDIUM-01;A2-TERM-LOW-02","Algebraic permutation encoding the pickup order; English collection/pickup/gathering variants need assigned roles."
"A2-C011","visual dealt column","colonna","column","colonna S/C/D","S/C/D column","pila when the visible grid is meant","pile when the visual grid is meant","","Simulator; Spectator; Shuffle viewer; Guide","TERM-MEDIUM","A2-TERM-MEDIUM-02","Use for the visual layout produced by dealing."
"A2-C012","physical pile","mazzetto","pile","pila as a source/general alias","packet as a controlled physical alias","colonna; pacchetto when tensor block is meant","column; packet when tensor block is meant","pila","Simulator; Spectator; glossary; Guide","TERM-MEDIUM","A2-TERM-MEDIUM-02","Preferred physical object after dealing; source terminology varies."
"A2-C013","packet or tensor block","pacchetto","packet","blocco when the tensor level is intended","block","pila or mazzetto without a qualifier in tensor explanations","pile without a qualifier in tensor explanations","pacchetto; mazzetto","glossary; Kronecker explanations; Protocol export","TERM-MEDIUM","A2-TERM-MEDIUM-02","Current use alternates between physical pile and algebraic block."
"A2-C014","physical stacking order","impilamento","stacking","ordine di impilamento; gesto fisico","stacking order; physical action","mescolamento; raccolta without the physical qualifier","shuffle; collection without the physical qualifier","","Table; Simulator; Practice; Spectator; glossary; exports","VERIFIED","","Consistently identifies the executable order of piles."
"A2-C015","fixed MSC operator","MSC","MSC","distribuzione MSC; operatore MSC","MSC deal; MSC operator","mescolamento di base when confused with M_i","basic shuffle when confused with M_i","rotazione R","Guide; glossary; Explorer; Recognition; Laboratory","TERM-MEDIUM","A2-TERM-MEDIUM-01","Fixed digit rotation/deal operator, distinct from local pickup codes."
"A2-C016","functional stage shuffle M_i","mescolamento M_i","stage shuffle M_i","sigla funzionale; codice di mescolamento","functional code; shuffle code","MSC; raccolta fisica without model explanation","MSC; physical pickup without explanation","","Table; Simulator; glossary; Guide; CLI; exports","TERM-MEDIUM","A2-TERM-MEDIUM-01","The six S/C/D codes are derived from collection but are not the fixed MSC operator."
"A2-C017","algebraic stage","stadio","stage","stadio i; operatore Stadio_i","stage i; Stage_i operator","fase when the algebraic operator is meant","phase when the algebraic operator is meant","","glossary; Guide; Laboratory; formulas; exports","TERM-MEDIUM","A2-TERM-MEDIUM-03","One algebraic unit P_i o MSC o J_i."
"A2-C018","physical interaction phase","fase","phase","fase fisica; fase 1/2/3","physical phase; phase 1/2/3","stadio in UI interaction instructions","stage in UI interaction instructions","","Simulator; Practice; Spectator; Error recovery","TERM-MEDIUM","A2-TERM-MEDIUM-03","Physical interaction interval; should not replace the algebraic stage term."
"A2-C019","round","giro","round","round only in generic/session context","round","stadio or fase as an unexplained synonym","stage or phase as an unexplained synonym","","CLI/session terminology inventory","VERIFIED","","No material current user-facing mathematical use was found."
"A2-C020","procedural step","passo","step","passaggio for a transition","passage; transition","stadio when only a UI or replay step is meant","stage when only a UI/replay step is meant","","Shuffle viewer; onboarding; Guide; CLI","VERIFIED","","Generic sequential unit, not an algebraic object."
"A2-C021","saved-sequence checkpoint v_k","tappa v_k","checkpoint v_k","stato intermedio v_k","intermediate state v_k","stadio v_k","stage v_k","","Sequence L90 UI; Guide; CLI replay","TERM-ITEN","A2-TERM-ITEN-01","Italian says checkpoint while English says Stage, colliding with Stage_i."
"A2-C022","resulting transformation","trasformazione","transformation","trasformazione T; effetto globale","transformation T; global effect","disposizione; procedura","arrangement; procedure","Cronaca","Table; Explorer; Recognition; Laboratory; glossary; CLI; exports","TERM-HIGH","A2-TERM-HIGH-01","There are 216 transformations in H."
"A2-C023","general bijection","permutazione","permutation","permutazione di 27 posizioni","permutation of 27 positions","procedura; disposizione","procedure; arrangement","","glossary; Explorer; Recognition; Laboratory; Guide","VERIFIED","","General mathematical object; a transformation is the result in product context."
"A2-C024","concrete game procedure","Procedura","Procedure","procedura fisica; identificatore (#,m)","physical procedure; identifier (#,m)","trasformazione; sequenza when the 1,728 domain is meant","transformation; sequence when the 1,728 domain is meant","","glossary; Real Game; Simulator; Guide; CLI; exports","TERM-MEDIUM","A2-TERM-MEDIUM-06","There are 1,728 Procedures and 216 resulting transformations."
"A2-C025","ordered succession of procedures","successione di Procedure","sequence of Procedures","successione; sequenza cronologica","sequence; ordered succession","procedura singular; trasformazione cumulativa","single Procedure; cumulative transformation","","Session L90; Guide; CLI; CSV/JSON","VERIFIED","","Retains ordered individual steps."
"A2-C026","generic operation","operazione","operation","mossa only in elementary explanation","move","procedura or trasformazione when specificity is required","procedure or transformation when specificity is required","","onboarding; Guide; help; glossary","VERIFIED","","Generic umbrella term only."
"A2-C027","three-stage total transformation","trasformazione totale T","total transformation T","effetto complessivo","overall transformation","Procedura; disposizione","Procedure; arrangement","","glossary; Guide; Explorer; exports","VERIFIED","","Result of one complete three-stage Procedure."
"A2-C028","cumulative transformation","trasformazione cumulativa C_k","cumulative transformation C_k","cumulativo C_k","cumulative C_k","storia; cronaca; successione","history; Chronicle; sequence","","Sequence L90; Guide; CLI; CSV/JSON","TERM-LOW","A2-TERM-LOW-03","Central L90 concept absent from the glossary."
"A2-C029","relative transformation","trasformazione relativa","relative transformation","T_rel","T_rel","differenza fra mazzi without definition","difference between decks without definition","","Guide A8; Recognition; twin-deck view","TERM-LOW","A2-TERM-LOW-03","Used and defined in Guide but absent from glossary."
"A2-C030","twin decks","mazzi gemelli","twin decks","coppia di mazzi gemelli","pair of twin decks","due mazzi arbitrary when H-membership is assumed","two arbitrary decks when H-membership is assumed","","Guide A8; Recognition","VERIFIED","","Source/project term for decks whose relative transformation is in H."
"A2-C031","permutation inverse","inversa T^-1","inverse T^-1","permutazione inversa; trasformazione inversa","inverse permutation; inverse transformation","inversione; rovesciamento","inversion; reversal","","glossary; Table; Explorer; Guide; CLI; exports","TERM-MEDIUM","A2-TERM-MEDIUM-09","Must remain distinct from local/global reversal."
"A2-C032","generic inversion process","inversione","inversion","calcolo dell'inversa when explicitly mathematical","taking the inverse","rovesciamento","reversal","","Guide; labels; source references","TERM-MEDIUM","A2-TERM-MEDIUM-09","Italian label Inversione is also used for R_U reversal."
"A2-C033","local or global reversal","rovesciamento","reversal","rovesciamento locale R_U; rovesciamento globale J","local reversal R_U; global reversal J","inversa; inversione","inverse; inversion","rovesciamento / reversal","Guide; glossary; Procedures; Laboratory","TERM-MEDIUM","A2-TERM-MEDIUM-09","Physical/canonical reversal DP3=A, not T^-1."
"A2-C034","deck orientation operator J","orientazione J","orientation J","orientamento del mazzo; J","deck orientation; J","inversa","inverse","Seconda Crisi","glossary; Procedure filters; Guide; exports","VERIFIED","","J is applied before the stage deal under DP3=A."
"A2-C035","composition","composizione","composition","concatenamento with elementary explanation","chaining","prodotto when order is not specified","product when order is not specified","","glossary; Explorer; Guide; Laboratory","VERIFIED","","Use a o b with right-to-left application convention."
"A2-C036","group or matrix product","prodotto","product","prodotto A o B; prodotto matriciale","product A o B; matrix product","composizione if the operands are not named","composition if operands are not named","","Cayley; matrices; Guide; exports","VERIFIED","","Accepted mathematical term when the object and order are explicit."
"A2-C037","application of a map","applicazione","application","applicare T a x","apply T to x","composizione when a single map acts","composition when a single map acts","","Guide; Explorer; Recognition","VERIFIED","","Single-map action, distinct from composition."
"A2-C038","identity permutation","identita","identity","I; permutazione identita","I; identity permutation","ordine del mazzo","deck order","","glossary; Table; Explorer; Laboratory; exports","VERIFIED","","Same concept at local and global dimensions when qualified."
"A2-C039","group","gruppo","group","gruppo finito","finite group","gruppo completo without referent","full group without referent","","Guide; glossary; Laboratory; README","VERIFIED","","Must always identify H, Gamma or S27 where ambiguity is possible."
"A2-C040","subgroup","sottogruppo","subgroup","H sottogruppo di Gamma/S27","H subgroup of Gamma/S27","gruppo when inclusion is the point","group when inclusion is the point","","Guide; Laboratory; Recognition","VERIFIED","","No semantic collision found."
"A2-C041","ambient group role","gruppo ambiente","ambient group","ambiente S27","ambient S27","gruppo delle permutazioni without S27 qualifier","permutation group without S27 qualifier","","glossary; Guide; Laboratory","VERIFIED","","S27 is the ambient group."
"A2-C042","classic transformation group H","gruppo H","group H","H; gruppo delle 216 trasformazioni","H; group of 216 transformations","G in current technical UI; gruppo del gioco if Gamma is also in scope","G in current technical UI; game group if Gamma is also in scope","G; Gaia","glossary; Guide; Laboratory; README; CLI","VERIFIED","","H is consistently 216 on current technical surfaces."
"A2-C043","extended group Gamma","gruppo Gamma","group Gamma","Gamma; gruppo esteso di 648 elementi","Gamma; extended group of 648 elements","H with the legacy 648 meaning; gruppo completo","H with legacy 648 meaning; full group","","glossary; Explorer; Recognition; Laboratory; Guide","TERM-HIGH","A2-TERM-HIGH-02","Definition is correct, but its bare R=MSC notation collides with two other R meanings."
"A2-C044","ambient symmetric group S27","S27","S27","S_27; gruppo simmetrico su 27 posizioni","S_27; symmetric group on 27 positions","gruppo delle permutazioni without qualifier","permutation group without qualifier","","glossary; Guide; Laboratory","VERIFIED","","Correctly distinguished from H conjugacy data."
"A2-C045","separable map","separabile","separable","digitalmente separabile","digit-separable","riconoscibile","recognisable","","Recognition; Guide; glossary; Article references","VERIFIED","","Property of a permutation/map."
"A2-C046","digit separability","separabilita digitale","digit separability","separabilita","separability","riconoscimento; fattorizzazione","recognition; factorisation","","glossary; Recognition; Guide; CLI","VERIFIED","","Membership/property test remains distinct from identifying or factoring T."
"A2-C047","digit fibre","fibra","fibre","fibra (i,t)","fibre (i,t)","blocco without level qualifier","block without level qualifier","","glossary; Recognition; Guide; Article references","VERIFIED","","Nine positions sharing a fixed digit at one level."
"A2-C048","fibre sum","somma di fibra","fibre sum","Sigma_i,t","Sigma_i,t","firma di blocco when the level/fibre is not stated","block signature without level/fibre","","glossary; Recognition; Guide; exports","VERIFIED","","Numeric invariant used by the sum criterion."
"A2-C049","local digit factor","fattore locale","local factor","rho_i; P_i","rho_i; P_i","mescolamento when level action is not explained","shuffle when level action is not explained","","glossary; Explorer; Recognition; Guide","VERIFIED","","Permutation of {0,1,2} acting on one digit."
"A2-C050","factor","fattore","factor","fattore di Kronecker; fattore locale","Kronecker factor; local factor","stadio when only rho_i is meant","stage when only rho_i is meant","","Explorer; Recognition; Guide; glossary","VERIFIED","","Requires qualifier when multiple decompositions are in scope."
"A2-C051","factorisation","fattorizzazione","factorisation","fattorizzazione in fattori locali","factorisation into local factors","riconoscimento; decomposizione generica","recognition; generic decomposition","","Recognition; Guide; CLI","VERIFIED","","Step after membership testing that recovers factors."
"A2-C052","decomposition","decomposizione","decomposition","decomposizione di Kronecker; decomposizione A o B","Kronecker decomposition; A o B decomposition","fattorizzazione when a unique local-factor recovery is meant","factorisation when unique local factors are meant","","Explorer; Cayley; Guide; exports","VERIFIED","","Umbrella term; qualification prevents collision."
"A2-C053","serialized permutation identifier","vettore della permutazione","permutation vector","firma della permutazione only if explicitly defined","permutation signature only if explicitly defined","firma canonica; firma","canonical signature; signature","","Explorer status; partial decomposition; help","TERM-HIGH","A2-TERM-HIGH-03","Current Signature is the full serialized permutation vector, not the canonical form or block-sum invariant."
"A2-C054","block-sum signature","firma di blocco","block-sum signature","firma dei blocchi; somme 36/117/198","block signature; sums 36/117/198","firma canonica; firma della permutazione","canonical signature; permutation signature","firma","Guide I2m; Recognition","TERM-HIGH","A2-TERM-HIGH-03","Invariant based on block sums."
"A2-C055","canonical form K o MSC^k","forma canonica","canonical form","scrittura canonica K o MSC^k","canonical representation K o MSC^k","firma canonica; firma algebrica","canonical signature; algebraic signature","","glossary; Explorer; Guide; HTML protocol","TERM-HIGH","A2-TERM-HIGH-03","Canonical algebraic representation, not a string signature."
"A2-C056","conjugacy class in H","classe di coniugio in H","conjugacy class in H","classe interna; coniugio","internal class; conjugacy","tipo ciclico","cycle type","","Conjugacy dialog; Laboratory; Guide; glossary; exports","VERIFIED","","There are 27 internal classes in H."
"A2-C057","cycle","ciclo","cycle","ciclo disgiunto","disjoint cycle","orbita without iterative-action context","orbit without iterative-action context","","glossary; Cycles; Explorer; exports","VERIFIED","","A component in the disjoint-cycle decomposition."
"A2-C058","ambient cycle type","tipo ciclico in S27","cycle type in S27","tipo ciclico; partizione delle lunghezze","cycle type; partition of lengths","classe di coniugio in H","conjugacy class in H","","Table; Conjugacy; Laboratory; Guide; exports","VERIFIED","","Seven ambient cycle types are encountered by H."
"A2-C059","cycle structure","struttura ciclica","cycle structure","decomposizione in cicli","cycle decomposition","tipo ciclico when the actual cycles are shown","cycle type when actual cycles are shown","","Cycles tab; Guide; help; exports","VERIFIED","","Actual decomposition, richer than the cycle type."
"A2-C060","orbit of a card/position","orbita","orbit","orbita di x sotto T","orbit of x under T","ciclo as an automatic synonym","cycle as an automatic synonym","","Cycles tab; Guide; help","TERM-LOW","A2-TERM-LOW-03","Used materially but absent from the glossary."
"A2-C061","fixed position","punto fisso","fixed point","posizione fissa","fixed position","carta fissa without an ordered-deck convention","fixed card without an ordered-deck convention","","glossary; Table; Cycles; Laboratory; Guide","TERM-MEDIUM","A2-TERM-MEDIUM-04","T[x]=x is primarily a fixed position; current glossary says card."
"A2-C062","permutation order","ordine della permutazione","order of the permutation","ordine; ordine di T","order; order of T","periodo unless declared as synonym; ordine del mazzo","period unless declared as synonym; deck order","","glossary; Explorer; Laboratory; Cayley; Guide","TERM-MEDIUM","A2-TERM-MEDIUM-07","Preferred mathematical invariant."
"A2-C063","period as order synonym","periodo","period","periodo di T as a declared alias","period of T as a declared alias","ordine without cross-reference in the glossary/UI","order without cross-reference","","Table; Explorer; Presentation; exports","TERM-MEDIUM","A2-TERM-MEDIUM-07","Same invariant as permutation order but the synonym is undeclared."
"A2-C064","physical deck cut","taglio","cut","taglio di k carte","cut by k cards","traslazione; rotazione","translation; rotation","taglio","Recognition examples; Guide A13","VERIFIED","","Physical action inducing C_k."
"A2-C065","induced cyclic translation C_k","traslazione C_k","translation C_k","mappa x -> x+k mod 27","map x -> x+k mod 27","taglio when discussing the map; rotazione","cut when discussing the map; rotation","traslazione","Recognition; Guide A13; Laboratory","TERM-LOW","A2-TERM-LOW-03","Clear in context but absent from the glossary."
"A2-C066","digit-factor rotation by MSC","rotazione dei fattori","rotation of digit factors","rotazione ciclica; azione di MSC","cyclic rotation; MSC action","taglio; traslazione","cut; translation","rotazione","Guide; Explorer; group Gamma explanations","TERM-HIGH","A2-TERM-HIGH-02","Do not denote it by bare R where reversal and return R are also visible."
"A2-C067","selected card identity","carta scelta","chosen card","carta dello spettatore","spectator's card","posizione iniziale unless explicitly paired","initial position unless explicitly paired","","Simulator; Practice; Spectator; Guide","TERM-MEDIUM","A2-TERM-MEDIUM-08","Identity selected by the participant."
"A2-C068","target card identity","carta scelta","chosen card","carta bersaglio only if defined as selected identity","target card only if defined","bersaglio without card qualifier","target without card qualifier","","Practice; Simulator summary","TERM-MEDIUM","A2-TERM-MEDIUM-08","Current target card competes with target position."
"A2-C069","destination target","posizione bersaglio","target position","bersaglio; destinazione desiderata","target; desired destination","carta bersaglio","target card","","Simulator; Spectator; Recovery; Guide","TERM-MEDIUM","A2-TERM-MEDIUM-08","The target of the trick is ordinarily a position, not a card."
"A2-C070","spectator role","spettatore","spectator","pubblico in generic narrative context","audience in generic narrative context","utente when the hidden-information role matters","user when hidden-information role matters","","Spectator tab; Simulator; Guide; onboarding","VERIFIED","","Stable actor term."
"A2-C071","physical execution error","errore fisico","physical error","errore E1-E4","E1-E4 error","errore software; deviazione without qualification","software error; deviation without qualification","","Practice; Error view; Guide I3; glossary","VERIFIED","","Distinct from validation/software errors."
"A2-C072","intended operation","operazione prevista","intended operation","previsto; impilamento previsto","intended; intended stacking","corretto when it could mean editorial correctness","correct when it could mean editorial correctness","","Practice; Error recovery; Guide I3","VERIFIED","","Reference action before execution."
"A2-C073","performed operation","operazione eseguita","performed operation","eseguito; impilamento eseguito","performed; executed stacking","reale without contrast","actual without contrast","","Practice; Error recovery; Guide I3","VERIFIED","","Observed action."
"A2-C074","deviation from plan","deviazione","deviation","scostamento fra previsto ed eseguito","difference between intended and performed","errore software; correzione","software error; correction","","Practice; Guide I3","VERIFIED","","Descriptive difference, not the recovery itself."
"A2-C075","mathematical recovery","recupero","recovery","strategia di recupero","recovery strategy","correzione; ritorno","correction; return","","glossary; Practice; Guide I3; Simulator","VERIFIED","","Changes only remaining phases to retain the target."
"A2-C076","correction","correzione","correction","correzione del testo/software only with qualifier","text/software correction with qualifier","recupero; modifica dell'operazione fisica","recovery; physical-action change","","messages; documentation; Guide I3 inventory","VERIFIED","","No current semantic collision requiring an issue was found."
"A2-C077","guide as instructional component","Guida","Guide","guida utente","user guide","carta guida","guide card","","main navigation; Guide; help; README","VERIFIED","","UI component name."
"A2-C078","guide cards","carte guida","guide cards","guide 0,13,26; Assi","guides 0,13,26; Aces","guida singular when the component is meant","Guide when the component is meant","","glossary; Table; Recognition; Guide","VERIFIED","","Three distinguished card identities whose final positions reconstruct the board."
"A2-C079","session event log","cronologia","history log","storico degli eventi","event history","Cronaca; successione di Procedure","Chronicle; sequence of Procedures","","Session; JSON; CLI export; Guide","VERIFIED","","Scientific session events, including undo/redo metadata."
"A2-C080","executed-procedure history","storia della procedura","procedure history","storia epsilon; sequenza realmente eseguita","epsilon history; actually executed sequence","trasformazione cumulativa; Cronaca","cumulative transformation; Chronicle","","Guide I1; L90; recovery explanations","VERIFIED","","Information not retained by the cumulative transformation."
"A2-C081","narrative Chronicle","Cronaca","Chronicle","alias narrativo di trasformazione","narrative alias for transformation","Cronaca in technical result labels outside narrative/source context","Chronicle in technical result labels outside narrative/source context","Cronaca / Chronicle","glossary; narrative Guide; Laboratory graph","TERM-LOW;SOURCE-TERM","A2-TERM-LOW-01;A2-SOURCE-03","Legitimate source alias, but it leaks into a technical graph label."
"A2-C082","route through intermediate states","percorso","path","cammino for graph paths; percorso di stati","route; state path","ritorno; trasformazione cumulativa","return; cumulative transformation","","L90; graph views; Guide; CLI","VERIFIED","","Qualify graph path versus saved-sequence path."
"A2-C083","replay of saved sequence","replay","replay","riproduzione; riesecuzione","playback; re-execution","ritorno","return","","Sequence L90; Shuffle viewer; CLI; Guide","VERIFIED","","Uses stored individual steps."
"A2-C084","inverse Table row","riga di ritorno","return row","ritorno della riga; riga che realizza T^-1","return of a row; row realising T^-1","ritorno without scope","return without scope","","glossary; Table; Simulator; Spectator","TERM-MEDIUM","A2-TERM-MEDIUM-05","One of several current meanings of return."
"A2-C085","compressed return to origin","ritorno compresso all'origine","compressed return to the origin","cumulativo inverso C_N^-1","inverse cumulative C_N^-1","R bare; percorso di ritorno","bare R; return path","","Sequence L90; Guide; CLI; CSV","TERM-MEDIUM","A2-TERM-MEDIUM-05","Recovers v0 but not intermediate states."
"A2-C086","backward path reconstruction","ricostruzione del percorso a ritroso","backward path reconstruction","replay indietro; ripercorrere a ritroso","backward replay; retrace backwards","ritorno del cammino; ritorno compresso","return of the path; compressed return","","Sequence L90; Guide; CLI replay","TERM-MEDIUM","A2-TERM-MEDIUM-05","Requires inverses of individual stored stages in reverse order."
"A2-C087","Table UI component","Tavola 216","Table 216","Tavola when clearly the component","Table when clearly the component","tavola delle 1,728 trasformazioni; tavola delle disposizioni in current UI","table of 1,728 transformations; arrangements table","Tavola delle disposizioni semplici","navigation; Table; help; Guide; README; exports","TERM-HIGH","A2-TERM-HIGH-01","Component contains 216 transformations; rows should not be called deck states."
"A2-C088","ternary board representation","tabellone","board","tabellone ternario; righe del tabellone","ternary board; board rows","Tavola when the UI component is meant","Table when the UI component is meant","tabellone","glossary; Table detail; Guide; Recognition; exports","VERIFIED","","Three local code rows representing T."
"A2-C089","board of inverse transformation","tabellone inverso","inverse board","tabellone di T^-1","board of T^-1","percorso inverso; ritorno fisico","inverse path; physical return","","glossary; Table detail; Guide; Recognition","TERM-MEDIUM","A2-TERM-MEDIUM-03","Definition says same phase order while the direct board uses stage; vocabulary level oscillates."
"A2-C090","Laboratory UI component","Laboratorio","Laboratory","Laboratorio matematico","Mathematical Laboratory","laboratorio lowercase when component identity matters","laboratory lowercase when component identity matters","","navigation; Guide; help; README","VERIFIED","","UI proper name."
"A2-C091","Recognition UI and workflow","Riconoscimento","Recognition","riconoscere T as umbrella only when steps are listed","recognise T as umbrella only when steps are listed","separabilita; fattorizzazione; ricostruzione as unexplained synonyms","separability; factorisation; reconstruction as unexplained synonyms","","Recognition tab; Guide I5; CLI recognize; help","TERM-LOW","A2-TERM-LOW-03","Workflow is explained, but the important umbrella term is absent from the glossary."
"A2-C092","Explorer UI component","Explorer","Explorer","Explorer delle permutazioni","Permutation Explorer","Riconoscimento","Recognition","","navigation; Guide; help; README","VERIFIED","","UI proper name."
"A2-C093","Simulator UI component","Simulatore","Simulator","simulazione guidata","guided simulation","Pratica","Practice","","navigation; Guide; help; README","VERIFIED","","UI proper name; contains explanatory and interactive modes."
"A2-C094","Practice UI mode","Pratica","Practice","Pratica reale; modalita Pratica","Real Practice; Practice mode","Simulatore without mode qualifier","Simulator without mode qualifier","","Simulator; Guide; help; onboarding","VERIFIED","","Interactive performance/error mode."
"A2-C095","forgetting-machine model","macchina che dimentica","forgetting machine","registro ternario che dimentica","forgetting ternary register","mescolamento","shuffle","macchina che dimentica","glossary; Guide; recovery explanations","VERIFIED","","Didactic model P'=floor(P/3)+9s."
"A2-C096","Cayley table","tavola di Cayley","Cayley table","tabella di Cayley as a descriptive alias","Cayley table","Tavola 216","Table 216","memoria di Gaia","glossary; Cayley dialog; Laboratory; Guide; exports","VERIFIED","","216x216 product table, distinct from Table 216."
"A2-C097","group centre","centro","centre","centro di H","centre of H","carta centrale; posizione centrale","central card; central position","","glossary; Laboratory; Guide","VERIFIED","","Algebraic centre, qualified by group."
"A2-C098","coset of H in Gamma","classe laterale","coset","H o MSC^k","H o MSC^k","classe di coniugio","conjugacy class","","glossary; Laboratory; Guide","TERM-HIGH","A2-TERM-HIGH-02","Current formulas write H o R^k with R=MSC, contributing to the R collision."
"A2-C099","Real Game preset","Gioco Reale","Real Game","preset Gioco Reale; 1,728 Procedure","Real Game preset; 1,728 Procedures","1,728 sequenze; 1,728 combinazioni canoniche without Procedure","1,728 sequences; 1,728 canonical combinations without Procedure","","filters; status; glossary; Guide; README","TERM-MEDIUM","A2-TERM-MEDIUM-06","The preset domain should be named as Procedures."
"A2-C100","source name for H","Gaia / G","Gaia / G","alias narrativo o storico del gruppo H","narrative or historical alias for group H","G in current technical controls","G in current technical controls","Gaia; G","glossary; narrative Guide; source citations","SOURCE-TERM","A2-SOURCE-02","Legitimate source terminology; product mapping to H is explicit."
"A2-C101","source name for global reversal J","Giullare / Jester","Giullare / Jester","alias narrativo di J","narrative alias for J","Giullare as an unexplained technical operator","Jester as an unexplained technical operator","Giullare; Jester","glossary; narrative Guide; source citations","SOURCE-TERM","A2-SOURCE-04","Legitimate source terminology and explicitly mapped."
"A2-C102","source narrative system name","Mondo-di-Mazzo","Deck-World","alias narrativo del sistema","narrative alias for the system","gruppo when the intended object is positions plus actions","group when positions plus actions are meant","Mondo-di-Mazzo","glossary; narrative Guide","SOURCE-TERM","A2-SOURCE-05","Does not introduce a new mathematical object."
"A2-C103","source narrative frame","Psicostoria di Seldon","Seldon's Psychohistory","Hari Seldon; Psicostoria","Hari Seldon; Psychohistory","termine tecnico matematico","mathematical technical term","Seldon; Psicostoria","glossary; narrative Guide","SOURCE-TERM","A2-SOURCE-06","Narrative frame only."
"A2-C104","source First Crisis","Prima Crisi di Seldon","First Seldon Crisis","Prima Crisi","First Crisis","inversa T^-1","inverse T^-1","Prima Crisi","glossary; narrative Guide; stacking explanations","SOURCE-TERM","A2-SOURCE-07","Narrative label for the distinction between shuffle code and stacking gesture."
"A2-C105","source Second Crisis","Seconda Crisi di Seldon","Second Seldon Crisis","Seconda Crisi","Second Crisis","inversa T^-1","inverse T^-1","Seconda Crisi","glossary; narrative Guide; reversal explanations","SOURCE-TERM","A2-SOURCE-08","Narrative label for introducing global reversal J."
"A2-C106","Kronecker decomposition","decomposizione di Kronecker","Kronecker decomposition","prodotto tensoriale; fattori di Kronecker","tensor product; Kronecker factors","firma; mescolamento","signature; shuffle","","glossary; Explorer; Recognition; Guide; exports","VERIFIED","","Factorisation rho_2 tensor rho_1 tensor rho_0."
"A2-C107","source name for a Table row","disposizione semplice","simple arrangement","termine della fonte only when quoted or mapped","source term only when quoted or mapped","current technical name of a transformation or Table row","current technical name of a transformation or Table row","Tavola delle disposizioni semplici","source references; Table labels; Guide","SOURCE-TERM","A2-SOURCE-01","Legitimate book term, but its unmarked use in product surfaces triggers A2-TERM-HIGH-01."
"A2-C108","compound spelling variants","grafia composta","compound spelling","base 3/base-3; carta bersaglio/carta-bersaglio; punto fisso/punto-fisso","base 3/base-3; target card/target-card; fixed point/fixed-point","","","","all textual surfaces","STYLE-DEFERRED","A2-STYLE-01","No conceptual split was found; editorial uniformity belongs to A3/A4."
"A2-C109","UI-name capitalisation","maiuscole dei nomi UI","UI-name capitalisation","Tavola/Laboratorio/Riconoscimento versus common nouns","Table/Laboratory/Recognition versus common nouns","","","","navigation; Guide; help; README","STYLE-DEFERRED","A2-STYLE-02","Current meaning is recoverable; systematic editorial review is deferred."
"A2-C110","mathematical typography","notazione tipografica delle sigle","mathematical typography","S27/S_27; S3/S_3; Gamma glyph/name","S27/S_27; S3/S_3; Gamma glyph/name","","","","Guide; glossary; Laboratory; exports; README","STYLE-DEFERRED","A2-STYLE-03","Typographic variants do not denote different concepts."
