id,severity,category,surface,key_or_file,current_text,problem,suggested_direction,semantic_constraint,occurrences,notes
"A3-LANG-MEDIUM-01","LANG-MEDIUM","PREPOSITION","Analisi molteplicità; Guida","analysis.open_explorer; analysis.status.summary; guide.s15.how_to.steps_5_6","Apri nel Explorer","L'articolo articolato è incompatibile con il nome proprio maschile che inizia per vocale; la formula suona tradotta e ricorre anche dentro istruzioni più lunghe.","Usare una reggenza italiana naturale con il nome ufficiale della vista, mantenendo Explorer come nome UI.","no","3","Famiglia unica derivata dalla stessa microcopy."
"A3-LANG-MEDIUM-02","LANG-MEDIUM","CALQUE","UI; Guida; Glossario; CLI; export","44 chiavi rappresentative: guide.title; glossary.short.recognition; explorer.decomposition.target; shuffle.step; shuffle.play; shuffle.replay; export.document.cycles.type","Guida completa & How-To; workflow; Target; Step; Play; Replay; len 3","L'accumulo di prestiti e calchi inglesi nelle superfici rivolte anche a principianti rende il registro ibrido e talvolta opaco. Alcuni prestiti informatici sono accettabili, ma non esiste una politica editoriale esplicita.","Italianizzare i comandi e le spiegazioni generali; conservare sigle, identificatori e termini A2 dove necessari; definire una lista breve di prestiti ammessi.","partly","44 chiavi","Stage e checkpoint sono scorporati in A3-SEM-01 perché controllati da A2."
"A3-LANG-MEDIUM-03","LANG-MEDIUM","DENSITY","Guida; filtri; PDF dettagliato","guide.s29.session.body; filter.intro; guide.s16.decompositions.body; guide.s27.detailed_pdf.boards_valid; guide.s27.detailed_pdf.body","Periodi fino a 1.197 caratteri con più livelli di parentesi, formule, condizioni e conseguenze","Le informazioni sono in gran parte corrette, ma la densità nasconde la gerarchia logica e obbliga alla rilettura.","Spezzare i periodi in unità con una sola decisione o conseguenza; separare prerequisiti, azione ed esito senza semplificare la matematica.","yes","5","Classificati TOO-DENSE; altri periodi lunghi ma lineari sono LONG-BUT-CLEAR."
"A3-LANG-MEDIUM-04","LANG-MEDIUM","SYNTAX","Guida","guide.s16.decompositions.body","calcola A₂ deterministicamente e verifica se ∈ GEN3","La subordinata ellittica non dichiara quale oggetto debba appartenere a GEN3; il simbolo di appartenenza resta senza operando sinistro nel periodo.","Esplicitare il soggetto matematico già definito nella frase, senza alterare la condizione di appartenenza.","yes","1","Caso AMBIGUOUS; la riscrittura va verificata contro A1/A2."
"A3-LANG-MEDIUM-05","LANG-MEDIUM","NATURALNESS","Export HTML","export.document.protocol.summary_html","Il trucco è una sequenza di 3 turni identici nella forma","Identici nella forma è una collocazione rigida e non chiarisce immediatamente che si ripete la struttura operativa, non lo stesso esito.","Dire che i tre turni hanno la stessa struttura o ripetono la stessa sequenza di azioni, preservando le differenze fra gli stadi.","yes","1 template; verificato nell'HTML generato","La distinzione stadio/turno/fase resta vincolata da A2."
"A3-LANG-LOW-01","LANG-LOW","INSTRUCTION_REGISTER","UI; Guida; tooltip; status","analysis.status.summary; guide.s15.how_to.steps_5_6; distribution.placeholder_chart; conjugacy.tooltip.classes; altre istruzioni","Clicca; Clic su; doppio-click; doppio clic; Si preme; Seleziona","Nelle stesse procedure oscillano imperativo diretto, forma impersonale e ibridi grafici; cliccare è inoltre usato talvolta senza la preposizione attesa.","Adottare l'imperativo diretto per le istruzioni operative e la forma fai clic/doppio clic; riservare l'impersonale alle spiegazioni generali.","no","12 chiavi rappresentative","La persona prevalente è il tu; non emerge un uso sistematico del voi."
"A3-LANG-LOW-02","LANG-LOW","DIDACTIC_TONE","Simulatore; Guida","simulator.placeholder; guide.s19.body","basta scegliere; basta il mescolamento","Basta presenta come immediato un passaggio che richiede una scelta o una giustificazione non banale.","Sostituire con una formulazione neutra che descriva la condizione sufficiente; mantenere basta dove l'azione fisica è davvero elementare.","no","2","L'uso in protocollo.simple_phase, basta raccogliere, è contestualmente adeguato e non è incluso."
"A3-LANG-LOW-03","LANG-LOW","COLLOCATION","Analisi; Guida","analysis.title; guide.s15.title","Analisi Molteplicità delle Permutazioni","La sequenza nominale senza preposizione e le maiuscole da titolo inglese risultano poco naturali in italiano.","Preferire una costruzione con della e applicare la convenzione italiana di maiuscole ai titoli.","no","2","La scelta terminologica molteplicità non è rimessa in discussione."
"A3-LANG-LOW-04","LANG-LOW","ERROR_MICROCOPY","Explorer; CLI; parser","explorer.error.type3_result; explorer.parse.*; cli.error.*","risultato è di tipo 3; token non valido; proprietà sconosciuta","Alcuni messaggi sono grammaticalmente ellittici o troppo tecnici e non indicano sempre campo, causa o azione correttiva.","Aggiungere referente e posizione quando disponibili e una breve indicazione di recupero, mantenendo i codici stabili.","no","6 famiglie di messaggi","La concisione della CLI resta ammessa."
"A3-TYPO-01","TYPO","ACCENTS_APOSTROPHES","Guida; export; footer","24 chiavi, fra cui guide.s27.*; guide.footer; export.busy.message; export.confirm.pdf_detailed; export.document.protocol.preparation","e'; piu'; perche'; puo'; sara'; cosi'; fa'","Accenti e apostrofi ASCII sono refusi visibili nell'italiano corrente; fa' non è la grafia dell'imperativo fai.","Usare è, più, perché, può, sarà, così e fai; lasciare ASCII soltanto nei campi di serializzazione che lo richiedono.","partly","52 occorrenze in 24 chiavi","Il JSON scientifico conserva anche convenzioni ASCII: quelle ricadono nelle regole di formato."
"A3-TYPO-02","TYPO","AGREEMENT","Guida","guide.s02.coordinates; guide.s07.rotation","La terna (...) sono le coordinate; Questo è la diretta conseguenza","Sono presenti una concordanza soggetto-verbo e una concordanza dimostrativo-nome errate.","Concordare al singolare nel primo caso e al femminile nel secondo.","no","2","Refusi grammaticali locali, senza effetto matematico."
"A3-TYPO-03","TYPO","PLURALIZATION","CLI; status; Explorer; export; Pratica","cli.sequence; cli.replay.steps; status.count_summary; explorer.decomposition.found; explorer.decomposition.found_status; explorer.parse.kron_count; export.completed; practice.real.recovery.count","1 procedure; 1 combinazioni; 1 pagine; Trovate 1 decomposizioni; Esportati 1 file","Le stringhe interpolano il numero senza selezionare singolare e plurale. La prova CLI con 0, 1 e 2 conferma l'errore sul valore 1.","Introdurre forme singolare/plurale per ogni sostantivo dinamico e aggiungere test espliciti 0/1/2.","no","8 chiavi/famiglie","La CLI mostra 0 procedure, 1 procedure, 2 procedure."
"A3-STYLE-01","STYLE","CAPITALIZATION","UI; Guida; export; documenti","app.title; simulator.title; export.document.title; guide.s15.title; nomi di viste","Gioco delle 27 carte; Gioco delle 27 Carte; Simulatore del Trucco delle 27 Carte","Titoli equivalenti alternano sentence case e title case; i nomi delle viste oscillano fra nome proprio e nome comune.","Usare il sentence case italiano; maiuscola solo per i nomi ufficiali di viste o moduli, minuscola per l'uso comune.","no","8 famiglie rappresentative","Chiude come audit A2-STYLE-02."
"A3-STYLE-02","STYLE","COMPOUNDS_HYPHENS","Guida; UI; documenti","guide.title; analysis.status.summary; occorrenze di carta-per-carta, passo-passo e doppio-click","How-To; doppio-click; carta-per-carta; passo-passo; base 3; carta bersaglio; punto fisso","I composti italiani corretti convivono con ibridi e trattini importati dall'inglese.","Mantenere aperti base 3, carta bersaglio, punto fisso e gioco delle 27 carte; usare doppio clic; impiegare il trattino solo in locuzioni cristallizzate o intervalli.","no","9 famiglie rappresentative","Chiude come audit A2-STYLE-01."
"A3-STYLE-03","STYLE","MATH_TYPOGRAPHY","UI; Guida; CLI; TXT; HTML; LaTeX; JSON","guide.s27.*; recognition.sums.formula; recognition.extended.*; lab.domain.*; output TXT/JSON","S27/S₂₇; S3/S₃; Gamma/Γ; T^-1/T⁻¹; MSC^2/MSC²; 3^(2+i)","La notazione oscilla anche dentro superfici ricche; in altri casi la variante ASCII è giustificata dal formato plain o serializzato.","Definire una forma per ciascun canale: Unicode nelle superfici ricche, sintassi LaTeX nel LaTeX, ASCII stabile nei formati macchina e solo quando necessario nel plain text.","partly","20 chiavi/formati rappresentativi","Chiude come audit A2-STYLE-03."
"A3-STYLE-04","STYLE","NUMBERS_RANGES","UI; Guida; README; release notes; CSV; JSON","README.md; docs/release/NOTE_VERSIONE_4.0.0.md; guide.*; sample CSV/JSON","1728; 1.728; 1 728; 5.159.780.352; 5 159 780 352; 0.2 s; 0,03 s; 0..26; 0–26","La prosa italiana alterna raggruppamenti, separatori decimali e grafie degli intervalli; alcune forme ASCII sono invece parte di schemi macchina.","In prosa usare spazi per le migliaia, virgola decimale e lineetta per gli intervalli; conservare 1728, 0..26 e il punto decimale solo quando schema o sintassi lo richiedono.","partly","12 famiglie rappresentative","I dati numerici non sono messi in discussione."
"A3-STYLE-05","STYLE","QUOTES","UI; Guida; Glossario; README; export","stringhe con «…», '…', ""…"" e nomi UI","«Apri nel Explorer»; 'Stage'; ""campo""; identificatore di codice","Virgolette tipografiche, apici ASCII, doppi apici e delimitatori di codice sono usati senza una distinzione editoriale sempre leggibile.","Usare caporali per etichette e citazioni brevi, apostrofo tipografico nelle elisioni e delimitatori di codice nei documenti tecnici; mantenere virgolette ASCII solo per sintassi e serializzazione.","partly","10 famiglie rappresentative","La scelta va adattata a Markdown, HTML, LaTeX e CSV."
"A3-SEM-01","SEMANTICALLY-CONSTRAINED","CONTROLLED_TERMS","Guida; Glossario; UI; export","glossary.long.checkpoint; glossary.short.recognition; guide.s18.aliases; export headings","checkpoint; Stage; workflow","Le parole inglesi sono poco naturali in alcuni periodi italiani, ma Stage e checkpoint partecipano a distinzioni fissate da A2 e non possono essere sostituiti per semplice uniformità stilistica.","Migliorare l'italiano circostante e, solo dopo verifica A2, distinguere il nome tecnico dall'equivalente narrativo italiano.","yes","14 chiavi rappresentative","Non riapre stadio/fase/tappa/checkpoint."
"A3-SEM-02","SEMANTICALLY-CONSTRAINED","EXPORT_LABELS","PDF standard/esteso/dettagliato; CSV; XLSX; JSON","gioco27/core/combinations.py; gioco27/core/detail_pdf.py; campioni reali","Stage_i; Stadio 0: Stage0; R: seguito da T = ...; DISP_INIZIO; TRUE/FALSE; T_permutazione","Gli export mescolano etichette italiane, inglesi, nomi di schema e abbreviazioni legacy. Il titolo R: davanti a T è anche ambiguo, ma può essere connesso a compatibilità e significati A1/A2.","Separare etichette umane da identificatori di schema; localizzare solo le prime e chiarire R/T dopo verifica matematica e di compatibilità.","yes","5 famiglie di formato","Verificato nei file effettivamente generati, non soltanto nei template."
