id,severity,category,english_text,italian_reference,problem,suggested_direction,semantic_equivalence,constraint,key_or_file,occurrences,notes
"A4-EN-HIGH-01","EN-HIGH","error-message","The result is of type 3. Use a Kronecker product to obtain a type-27 transformation.","L'espressione restituisce una permutazione su 3 elementi. Per ottenere una trasformazione su 27 posizioni, usa un prodotto di Kronecker con tre fattori.","The English message exposes implementation-like type numbers, is markedly less informative, and does not state the required three factors.","Name the 3-element permutation and the 27-position transformation explicitly; retain the Kronecker remedy and its three-factor requirement.","C","Do not change parser types, mathematics, or formulas.","explorer.error.type3_result","1","Concrete error reproduced from the complete EN catalog."
"A4-EN-MEDIUM-01","EN-MEDIUM","technical-naturalness","all three-stage T; Generation PDF; calculate A2 deterministically, and verify whether it is ∈ ...","tutte le T a tre stadi; Generazione PDF; calcola A2 ... e verifica che appartenga ...","Several technical noun phrases and verb collocations read as Italian syntax expressed with English words.","Rewrite each sentence idiomatically (for example three-stage transformations, PDF generation, compute A2 and determine whether it belongs to the set) without changing the mathematical claim.","A","A1 formulas and A2 terms remain binding.","guide.s09.intro; guide.s16.decompositions.body; guide.s26.pdf.title; related Guide strings","9","Family limited to concrete collocations found during continuous Guide reading."
"A4-EN-MEDIUM-02","EN-MEDIUM","return-replay-recovery","path rebuilt: {n} procedures, every checkpoint recovered backwards; the intermediate checkpoints come back; Continue and lose them?","percorso ricostruito a ritroso; le tappe si ritrovano ripercorrendo; Continuare e perderle?","Backward reconstruction and session-discard messages are understandable but non-idiomatic; checkpoints do not literally come back.","Use reconstruct/replay in reverse and discard unsaved changes; preserve the distinction between backward replay, compressed return, and recovery.","A","L90 semantics and stable CLI command names must not change.","cli.replay.steps; sequence.origin_vs_path; session.confirm.discard; guide.s29.session.body","4","The conceptual distinction itself is correct."
"A4-EN-MEDIUM-03","EN-MEDIUM","protocol-naturalness","3 turns of the same form; operating instructions; collection instructions specific to each phase","3 turni con la stessa struttura; istruzioni operative; istruzioni di raccolta","The generated protocol contains literal or weak collocations and uses collection where pickup is the established physical term.","Use an idiomatic description such as three rounds with the same structure, instructions for the dealer, and pickup instructions.","A","Preserve phase/stage distinctions and the protocol formulas.","export.document.protocol.summary_html; guide.s24.intro; export.document.protocol.no_decomposition_html","5","Confirmed in a real English HTML export."
"A4-EN-MEDIUM-04","EN-MEDIUM","narrative-calque","Psychohistory is the image of a theory; the figure of one who is not content that the Plan works","la Psico-storia è l'immagine di una teoria; la figura di chi non si accontenta che il Piano funzioni","The narrative prose contains conspicuous Italian-to-English calques even though its factual meaning is recoverable.","Recouch the images in natural English while preserving the source terms and historical claims.","A","Source names and quotations must remain intact.","glossary.long.seldon; guide.storia.preface; guide.storia.timeline","3","No source term is itself treated as an error."
"A4-EN-MEDIUM-05","EN-MEDIUM","paragraph-density","Long multi-clause explanations in decompositions, detailed PDF boards, Session, and Recognition","Corrispondenti sezioni italiane già suddivise o semanticamente equivalenti","Four passages hide prerequisites, action, result, exception, or consequence inside overly dense structures.","Split only the identified passages into shorter semantic units; keep equations adjacent to the claims they support.","A","Do not shorten away mathematical conditions or exceptions.","guide.s16.decompositions.body; guide.s27.detailed_pdf.boards_valid; guide.s29.session.body; guide.i5.other","4","Classified TOO-DENSE; other long passages were LONG-BUT-CLEAR."
"A4-EN-LOW-01","EN-LOW","articles-prepositions-reference","the card in 13; which remain; No Table transformation produces these Aces; the order of the T just calculated","la carta in posizione 13; quali candidati restano; nessuna trasformazione produce queste posizioni; ordine della T","Local prepositions and abbreviated referents sound unnatural or can momentarily obscure what is meant.","State position 13 explicitly, repeat candidate where needed, and describe transformations as placing the Aces in positions.","A","Card, position, and transformation must remain distinct.","guide.i5.other; guide.i4.how; table.no_arrangement; guide.s31.steps; related keys","5","Local microcopy family."
"A4-EN-LOW-02","EN-LOW","telegraphic-microcopy","len; perm; comb.; ord.; cum%; k-decomp","lung.; permutazione; combinazioni; ordine; percentuale cumulativa; decomposizioni","Several visible abbreviations are implementation-like or too terse outside genuinely space-constrained columns.","Expand them where space permits and document any abbreviations retained in compact tables.","A","Stable CSV/JSON field names are excluded.","cycles.length; explorer.partial.permutation; explorer.decomposition.combinations; distribution headers; export tabs","8","Do not expand machine identifiers."
"A4-ITEN-MISMATCH-01","ITEN-MISMATCH","arrangement-transformation","Arrangement #{number} of the table","Riga #{number} della Tavola","The English label reintroduces the A2 ambiguity by calling a Table row an arrangement rather than a row/transformation.","Use Table row or transformation while leaving the key and row number unchanged.","B","A2 defines arrangement as the current deck order and Table rows as transformations.","nav.in_table","1","Direct semantic mismatch."
"A4-ITEN-MISMATCH-02","ITEN-MISMATCH","pdf-localization","Mescolamento; impilamento; TABELLONE DI T; TABELLONE DI T^-1","Shuffle; stacking; board of T; board of T^-1","The real English detailed PDF still contains Italian human-readable labels among otherwise English content.","Localize only the rendered labels; preserve C-program indices, formulas, and data.","C","PDF layout and mathematical content are already validated and must not change.","gioco27/core/detail_pdf.py rendered English sample","4","Confirmed by text extraction and visual inspection of the real PDF."
"A4-ITEN-MISMATCH-03","ITEN-MISMATCH","csv-human-label","T_permutazione [lista 0..26]","T_permutazione [elenco 0..26] / English explanation","The stable CSV field name is correct, but its bracketed human-readable description remains Italian in an English export.","Keep T_permutazione unchanged and translate only the bracketed description.","C","CSV field names and column order are immutable.","gioco27/core/permutations.py; real English CSV header","1","Machine identifier and human label must be handled separately."
"A4-STYLE-01","STYLE","us-uk-variant","center/centre; analyze/analyse; color/colour; recognised; realised","N/A","The catalog mixes American and British spelling. American forms predominate, but British forms remain in user-facing prose.","Adopt American English: center, analyze, color, recognize, realize; do not alter quoted source terms or API names.","D","No API/library identifiers may change.","English catalog, Guide, glossary, Laboratory","5","Measured families: center 34/centre 10; analyze 13/analyse 1; color 21/colour 2; recognized 0/recognised 2; realized 1/realised 4."
"A4-STYLE-02","STYLE","numbers","1 728; 46 656; 23 887 872; 100–3 000 ms","1 728; 46 656; 23 887 872; 100–3 000 ms","Twenty-one English catalog entries inherited Italian digit grouping, while other English surfaces correctly use commas.","Use English grouping (1,728; 46,656; 23,887,872; 3,000 ms) and retain decimal points and en dashes.","D","Do not change numeric values, parsers, schemas, or formulas.","21 English catalog keys, chiefly Guide and glossary","21","Dynamic English format_integer already uses commas; this issue concerns literal strings."
"A4-STYLE-03","STYLE","quotation-punctuation","«Data table»; «Save»; «Initial deck + final deck»; mixed ... and …","Caporali are appropriate only to Italian prose.","Ten English keys use guillemets; straight and curly quotations and ellipses are also mixed without a channel rule.","Use English curly quotation marks for prose/UI labels, backticks or straight quotes for code and stable identifiers, and one ellipsis convention per channel.","D","Do not alter literal CLI tokens or code examples.","10 catalog keys with guillemets; related punctuation strings","10","The catalog contains 41 Unicode ellipses and 22 three-dot sequences; some ASCII cases are legitimate code."
"A4-STYLE-04","STYLE","mathematical-typography","S27; S3; MSC^k; 3^(2+i); GEN3 x GEN3 x GEN3; P o MSC","S₂₇; S₃; MSCᵏ; 3²⁺ⁱ; GEN3⊗GEN3⊗GEN3; P ∘ MSC","Rich English surfaces retain ASCII mathematical notation that the Italian rich surfaces already normalize.","Use rich Unicode in UI, Guide, HTML, SVG, and PDF; retain proper LaTeX in .tex and stable ASCII where machine formats require it.","D","No mathematical convention or machine identifier may change.","57 English catalog keys and real standard/extended PDF output","57","Includes 22 S27 keys, 8 S3 keys, and 29 keys with ASCII operators/exponents; sets overlap."
"A4-STYLE-05","STYLE","capitalization-headings","Permutation Multiplicity Analysis; Single-combination preview; Conjugacy Classes and Center window; Cayley Table window","Titoli italiani in sentence case","Headings mix title case and sentence case, independently of official view-name capitalization.","Use sentence case for titles/headings while capitalizing official view names: Table, Laboratory, Recognition, Explorer, Simulator, Practice, Session, Real Game.","D","Do not lowercase stable acronyms or source names.","analysis.title; preview.title; guide.s15.title; guide.s22.title; guide.s23.title; related headings","14","Proposed project convention documented by A4."
"A4-TYPO-01","TYPO","dynamic-plurals","1 combinations; 1 files; 1 decompositions; 1 rows; 1 processes; 1 procedures; 1 stages","Conteggi italiani 0/1/2 resi grammaticalmente dopo A3-FIX","Several English templates always use the plural and fail when the dynamic count is 1; zero and two are generally acceptable.","Add singular variants or a locale-aware count helper for human text, without altering numeric fields.","A","Stable schemas and placeholder names must remain unchanged.","status.count_summary; settings.cache_info; explorer.decomposition.*; export.*; practice.real.recovery.count; cli.*; sequence.return","18","Checked explicitly with 0, 1, and 2."
"A4-TYPO-02","TYPO","proper-name-case","numpy iterations; Generated by Gioco delle 27 Carte","iterazioni NumPy; Gioco delle 27 carte","The library name and the product's sentence-case name are not capitalized consistently.","Use NumPy and the established product spelling Gioco delle 27 carte where the Italian product name is retained.","D","Library/package identifiers in code remain unchanged.","guide.s16.decompositions.body; export.document.generated_by; protocol footer","3","Local capitalization defects."
"A4-SEM-01","SEMANTICALLY-CONSTRAINED","procedure-term","procedure/procedures alternates with Procedure/Procedures for the technical I1 object","Procedura/Procedure is a controlled product term.","Fifty-seven keys contain the word, and technical uses are not consistently distinguished from genuinely common uses.","Review each occurrence contextually; capitalize only the I1 technical object and rewrite ordinary uses when ambiguity would remain.","D","Do not rename the I1 model, identifiers, or CLI commands.","57 English catalog keys","57","No global replacement is safe."
"A4-SEM-02","SEMANTICALLY-CONSTRAINED","pickup-collection","three collections Ai; conjugate collections; collection-only sequence; collection instructions","raccolte / permutazioni di raccolta in contexts constrained by A2","Unqualified collection is used for physical actions, algebraic factors, and arbitrary group elements; some qualified uses are legitimate.","Use pickup for the physical action and pickup permutation/collection permutation for P; use transformation or element for arbitrary Ai/H objects.","C","Preserve the explicitly marked historical term simple arrangement and the A2 distinctions.","22 catalog keys containing collection/collecting; 12 require review","12","Qualified collection permutation may remain when unambiguous."
"A4-SEM-03","SEMANTICALLY-CONSTRAINED","stage-phase-step-checkpoint","at step i the card is in a known column; instead of {stages} stages","al passo i / invece di {stages} stadi, but A2 fixes phase and checkpoint meanings","Two contexts use step/stage for a physical phase or a succession item rather than the defined algebraic stage.","Use phase for the physical round and Procedure/step for a succession item after checking the underlying variable meaning.","C","A2 distinctions and L90 checkpoint semantics are binding.","simulator.instructions.placeholder; sequence.return","2","Most other uses of stage, phase, step, and checkpoint are consistent."
"A4-SEM-04","SEMANTICALLY-CONSTRAINED","machine-vs-human-label","Perm -> Simboliche; Simbolica -> Perm; T_permutazione; --what successione/replay/cronologia/proprieta/mapping; Italian convention strings in JSON","Stable technical identifiers and versioned schema values","Some English-visible exports/help expose Italian or mixed-language identifiers that are compatibility contracts rather than ordinary prose.","Add or localize adjacent human-readable explanations only; do not rename sheet identifiers, CSV/JSON keys, CLI choices, or versioned convention fields without a separate compatibility decision.","D","CSV/JSON, CLI, persistence, and XLSX identifiers are frozen by the task.","real XLSX/CSV/JSON exports; gioco27/cli.py","3","One family across three machine-facing surfaces."
"A4-SOURCE-TERM-01","SOURCE-TERM","historical-narrative-terms","simple arrangement; G/Gaia; Chronicle; Giullare/Jester; Deck-World; Seldon; Psychohistory; First Crisis; Second Crisis","termini narrativi e storici della fonte","These terms are intentional source vocabulary, confined to marked narrative/historical contexts or cross-references.","Preserve them; only improve surrounding English where separately reported.","D","Source vocabulary must not be normalized into technical terminology.","glossary narrative entries; guide.storia; marked source references","10","Verified as legitimate, not defects."
